,agency_name,acrs_report_type,crash_date_time,number_of_lanes,at_fault,collision_type,weather,light,driver_substance_abuse,first_harmful_event,latitude,longitude,hit_run,road_grade,surface_condition,traffic_control,junction,intersection_type,road_alignment,road_condition,road_division,route_type,road_name
1,1,1,2025-05-27 20:40:00,1,1,1,1,1,1,1,39.00403317,-77.0409946,1,1,1,1,1,1,1,1,1,1,1
2,1,2,2025-05-27 15:20:00,1,1,2,1,2,1,1,39.01902633,-77.01557783,1,2,1,2,1,1,1,1,1,1,2
3,1,1,2025-05-27 13:35:00,1,1,3,1,2,1,2,39.12199983,-77.115599,1,2,1,3,2,2,1,1,2,1,3
4,1,2,2025-05-27 08:41:00,2,1,1,2,2,1,1,39.0012327,-77.12319255,1,1,2,2,1,3,1,1,3,1,4
5,1,1,2025-05-27 07:53:00,3,2,4,3,2,1,1,39.04497833,-77.111125,1,3,2,4,2,2,2,1,4,1,5
6,1,1,2025-05-26 20:54:00,1,2,1,2,3,2,1,38.99647767,-77.07557522,2,2,2,3,3,2,1,1,5,1,6
7,1,1,2025-05-26 20:28:00,4,2,5,2,2,2,1,39.01916385,-76.97615208,2,2,2,3,2,2,1,1,4,2,7
8,1,1,2025-05-26 17:30:00,5,2,1,2,2,1,1,39.00524378,-77.02287108,1,2,2,4,1,1,1,1,1,3,1
9,1,2,2025-05-26 17:00:00,2,1,1,2,2,1,1,39.15551,-77.16704033,1,4,2,2,4,2,1,1,6,4,1
10,1,2,2025-05-26 16:34:00,6,1,4,2,2,1,1,39.050199,-77.1146865,1,2,2,4,2,2,1,1,4,4,8
11,2,1,2025-05-26 16:01:00,7,2,5,2,2,2,1,38.98102035,-76.98842362,2,2,2,3,2,2,1,1,1,5,9
12,3,1,2025-05-26 15:33:00,7,2,3,2,2,1,2,39.07938797,-77.18363261,1,2,2,3,3,2,1,1,1,5,10
13,1,1,2025-05-26 12:10:00,7,1,3,2,2,1,2,39.13363346,-77.20622462,1,2,2,3,1,1,1,1,2,1,11
14,1,2,2025-05-25 15:50:00,7,2,5,2,2,1,1,38.96247986,-77.1355961,1,3,2,1,5,2,1,1,1,6,12
15,1,1,2025-05-25 15:50:00,8,1,4,2,2,1,1,38.9879799,-77.07722579,1,2,2,4,2,2,1,1,5,4,13
16,4,1,2025-05-25 11:20:00,7,1,3,2,2,1,3,39.14288957,-77.20050527,1,2,2,3,3,2,1,1,1,4,14
17,3,1,2025-05-25 11:17:00,1,1,4,2,2,1,4,39.08625507,-77.1510079,1,2,2,3,2,2,1,1,1,5,15
18,1,1,2025-05-25 10:01:00,8,2,3,2,2,2,2,38.99684579,-77.09672828,3,2,2,3,2,2,1,1,4,7,1
19,1,1,2025-05-25 03:44:00,7,1,3,2,3,1,5,38.99285693,-76.9912531,1,2,2,3,1,1,1,2,4,1,16
20,1,1,2025-05-24 23:14:00,1,1,3,2,3,1,6,39.03258654,-77.02754455,1,2,2,3,3,2,1,1,1,1,17
21,1,1,2025-05-24 23:12:00,7,1,1,2,3,1,1,39.05101131,-77.05269087,1,2,2,2,2,2,1,1,1,1,18
22,1,1,2025-05-24 22:24:00,4,1,4,2,3,1,1,39.17859988,-77.26760341,1,2,2,4,1,1,1,1,4,1,19
23,4,1,2025-05-24 20:06:00,7,1,4,2,2,1,4,39.1266196,-77.18058005,1,2,2,3,2,2,3,1,1,5,20
24,2,2,2025-05-24 19:59:00,1,3,3,2,2,1,7,38.98479604,-76.99852955,1,2,2,4,1,1,1,1,1,4,21
25,1,2,2025-05-24 19:22:00,8,1,1,2,2,1,1,39.02441237,-76.97953104,1,2,2,3,2,2,1,1,1,1,22
26,1,2,2025-05-24 18:07:00,3,1,1,2,2,1,1,39.11252933,-77.16173133,1,2,2,4,1,1,1,1,4,4,23
27,1,1,2025-05-24 16:38:00,8,1,4,2,2,1,1,39.02126197,-77.04481156,1,2,2,4,2,2,1,1,4,4,24
28,1,2,2025-05-24 16:32:00,8,1,2,2,2,1,1,39.13309943,-77.24490453,1,2,2,4,2,2,1,1,1,4,25
29,1,2,2025-05-24 16:05:00,7,1,1,2,2,1,1,39.01979003,-77.13437365,1,2,2,2,1,1,1,1,1,1,26
30,1,1,2025-05-24 15:31:00,9,1,1,2,2,1,1,39.15728317,-77.16325516,1,4,2,2,4,2,1,1,1,4,1
31,1,1,2025-05-24 15:29:00,4,1,5,2,2,1,1,39.03930335,-76.99027178,1,2,2,4,3,2,1,1,4,4,27
32,3,1,2025-05-24 14:57:00,1,1,5,2,2,2,4,39.09578265,-77.13526321,2,2,2,3,2,2,2,1,1,5,28
33,1,1,2025-05-24 14:22:00,8,1,4,2,2,1,1,39.20878149,-77.24077055,1,2,2,3,2,2,1,1,4,4,29
34,1,1,2025-05-24 13:34:00,3,2,1,2,2,1,1,39.00563533,-77.07823853,1,2,2,3,2,2,1,1,4,4,13
35,4,1,2025-05-24 12:39:00,8,2,1,2,2,1,1,39.12802331,-77.18512218,1,2,2,3,1,1,1,1,4,4,30
36,3,2,2025-05-24 09:50:00,8,1,1,2,2,1,1,39.06186708,-77.12414048,1,2,2,4,1,3,1,1,4,5,31
37,3,2,2025-05-24 08:29:00,10,1,1,2,2,1,1,39.07507061,-77.13394917,1,2,2,3,2,2,1,1,1,5,32
38,4,2,2025-05-24 07:20:00,7,2,2,2,2,1,1,39.14040917,-77.20665467,2,2,2,3,2,2,1,1,1,4,33
39,1,1,2025-05-24 05:45:00,3,2,3,2,4,1,8,39.09060235,-77.17508773,1,2,2,3,2,2,1,1,4,2,34
40,4,1,2025-05-24 02:50:00,11,2,6,2,3,1,1,39.14262159,-77.22088472,1,1,2,4,1,1,1,1,7,4,35
41,2,1,2025-05-24 00:26:00,8,2,4,2,3,2,1,38.98152812,-76.98886423,2,3,2,4,6,2,1,1,2,5,36
42,4,2,2025-05-23 23:35:00,11,1,1,2,3,1,1,39.12256598,-77.17747972,1,2,2,4,1,1,1,1,5,1,37
43,1,1,2025-05-23 22:16:00,1,1,5,2,3,3,4,39.09528613,-77.09263868,1,2,2,3,2,2,1,1,1,1,1
44,1,1,2025-05-23 22:05:00,1,1,1,2,3,1,1,39.01569567,-77.0426525,1,2,2,4,1,1,1,1,4,1,38
45,4,1,2025-05-23 20:50:00,12,1,1,2,3,1,1,39.14059071,-77.19366097,1,2,2,2,1,1,1,1,8,5,39
46,1,2,2025-05-23 20:10:00,13,2,2,2,5,1,1,39.01560658,-77.04276797,1,2,2,4,2,2,1,1,6,4,24
47,1,1,2025-05-23 19:47:00,7,1,5,2,5,1,1,38.98370109,-77.0936903,1,2,2,4,1,1,2,1,1,4,40
48,1,2,2025-05-23 19:05:00,1,3,3,2,2,1,7,39.22833993,-77.2501832,1,2,2,4,1,3,1,1,1,1,41
49,1,1,2025-05-23 18:40:00,8,2,5,2,2,2,1,39.14129395,-77.15241252,2,2,2,3,2,2,1,1,5,1,42
50,1,2,2025-05-23 17:56:00,3,1,7,2,2,1,1,39.05345098,-77.10727323,1,2,2,3,4,2,1,1,9,1,43
51,1,1,2025-05-23 15:58:00,8,1,4,2,2,1,1,39.01625859,-76.97738276,1,2,2,5,5,2,1,1,4,8,44
52,1,1,2025-05-23 15:14:00,7,1,5,2,2,1,1,39.00678511,-76.98043415,1,5,2,4,2,2,1,1,4,1,45
53,1,2,2025-05-23 13:29:00,7,2,1,2,2,1,1,39.06076341,-77.28229135,1,2,2,2,1,1,1,1,5,1,46
54,1,2,2025-05-23 12:31:00,6,1,1,3,2,1,1,39.03458199,-77.12485833,1,2,2,4,1,1,1,1,4,1,47
55,1,1,2025-05-23 11:00:00,7,2,1,2,2,1,1,38.95572517,-77.10553533,1,2,2,4,1,1,1,1,1,4,48
56,4,1,2025-05-22 21:49:00,8,1,1,2,3,1,1,39.14490683,-77.2027935,1,2,2,2,1,1,1,1,1,5,15
57,1,1,2025-05-22 21:25:00,8,1,1,2,3,1,1,38.9912538,-77.02671866,1,2,2,3,2,2,1,1,4,3,24
58,1,2,2025-05-22 20:38:00,8,2,3,1,2,1,9,39.04090039,-77.15924,1,2,1,4,1,3,1,1,4,1,49
59,4,2,2025-05-22 18:55:00,7,2,1,2,2,2,1,39.11706984,-77.20107512,2,2,2,3,2,2,1,1,1,9,50
60,1,1,2025-05-22 18:31:00,7,2,3,2,2,1,2,39.10654636,-77.15234667,1,2,2,4,6,2,1,1,4,1,51
61,1,2,2025-05-22 18:17:00,8,1,4,2,2,1,1,39.13824452,-77.15354933,1,2,2,4,1,1,1,1,4,1,37
62,1,1,2025-05-22 17:20:00,8,1,4,1,2,2,1,39.03986399,-76.99081125,2,2,1,4,2,2,1,1,4,4,52
63,1,1,2025-05-22 16:49:00,8,1,4,1,2,1,1,39.02325892,-77.15642767,1,2,1,3,2,2,1,1,4,1,53
64,1,2,2025-05-22 16:36:00,14,1,2,2,2,1,1,39.16669117,-77.27070737,1,2,2,4,2,2,1,1,1,1,54
65,4,1,2025-05-22 16:30:00,9,1,6,3,2,1,1,39.14958359,-77.20961843,1,1,2,2,4,2,1,1,6,5,55
66,1,1,2025-05-22 15:42:00,9,1,1,3,2,1,1,39.1849505,-77.17601633,1,2,2,2,1,1,1,1,1,1,56
67,3,1,2025-05-22 15:03:00,1,1,5,2,2,1,4,39.10089365,-77.16513778,1,2,2,3,2,2,1,1,1,5,57
68,1,2,2025-05-22 14:03:00,3,1,4,3,2,1,1,39.03495716,-77.04931457,1,2,1,3,3,2,1,1,4,4,58
69,1,1,2025-05-22 13:06:00,1,1,1,1,2,1,1,39.07633722,-77.22197928,1,2,1,2,2,2,1,1,1,1,59
70,1,1,2025-05-22 13:00:00,2,1,1,2,2,1,1,39.18109,-77.26228,1,2,2,4,1,1,1,1,6,4,60
71,1,1,2025-05-22 12:04:00,8,1,4,2,2,1,1,39.0257878,-76.98080538,1,2,1,3,2,2,1,1,4,4,52
72,1,1,2025-05-22 11:29:00,7,1,5,3,2,1,1,39.06995578,-77.16984434,1,2,1,4,1,3,1,1,4,7,1
73,1,2,2025-05-22 09:57:00,1,2,2,1,2,1,1,39.12852874,-77.34314531,1,2,1,3,1,3,1,1,1,4,1
74,1,2,2025-05-22 09:56:00,9,1,4,1,2,1,1,39.04748917,-77.10927767,1,2,1,1,1,1,1,1,1,1,61
75,1,1,2025-05-22 09:18:00,5,2,4,1,2,1,1,39.10145033,-77.217381,1,2,1,3,2,2,1,1,4,4,62
76,4,1,2025-05-22 09:00:00,6,2,6,1,2,1,1,39.159212,-77.21904083,1,2,1,4,6,2,1,1,1,4,23
77,3,2,2025-05-22 08:40:00,4,1,4,1,2,1,1,39.09085916,-77.17916259,1,2,1,4,2,2,1,1,1,4,63
78,1,1,2025-05-22 07:49:00,1,1,7,1,2,1,1,39.2524235,-77.13914367,1,2,1,2,1,3,1,1,1,4,1
79,1,1,2025-05-22 07:45:00,7,1,4,1,2,1,1,38.96344533,-77.10180267,1,2,1,3,1,1,1,1,1,10,64
80,1,2,2025-05-22 05:25:00,15,1,7,1,3,1,1,39.17687467,-77.27002638,1,2,1,4,1,1,1,1,6,1,65
81,1,2,2025-05-21 20:27:00,7,1,1,1,3,1,1,39.18166167,-77.23191333,1,2,1,2,2,2,1,1,1,1,66
82,1,1,2025-05-21 19:33:00,1,1,3,1,2,1,10,38.99705078,-77.02203676,1,2,1,3,2,2,1,3,4,4,67
83,1,2,2025-05-21 17:35:00,8,2,4,3,2,1,1,39.01359983,-77.13097083,1,2,1,3,2,2,2,1,4,2,7
84,1,2,2025-05-21 16:53:00,8,1,1,1,2,1,1,39.17513941,-77.25739738,1,3,1,3,7,2,1,1,4,1,68
85,3,1,2025-05-21 16:43:00,16,1,4,1,2,1,1,39.08697239,-77.14976117,1,2,1,2,2,2,1,1,1,4,69
86,1,1,2025-05-21 16:21:00,8,2,2,1,2,1,1,39.05942131,-77.05029422,1,2,1,3,4,2,1,1,5,9,70
87,1,1,2025-05-21 16:00:00,3,2,5,1,2,1,1,39.00590454,-77.07351059,1,2,1,3,2,2,1,1,4,2,71
88,1,2,2025-05-21 16:00:00,6,1,4,1,2,1,1,39.21022421,-77.23963283,1,3,1,4,6,2,1,1,4,1,72
89,1,1,2025-05-21 15:06:00,8,1,4,1,2,1,1,39.01119134,-77.01715702,1,2,1,3,3,2,1,1,4,3,73
90,1,1,2025-05-21 14:49:00,9,2,1,2,2,2,1,39.16124639,-77.25072174,2,1,1,2,1,1,1,1,1,11,1
91,1,2,2025-05-21 14:10:00,8,1,1,3,2,1,1,39.18009832,-77.2686115,1,6,2,4,1,1,1,1,4,1,66
92,1,1,2025-05-21 13:42:00,7,1,1,3,2,1,1,39.03873465,-77.23470663,1,6,1,3,2,2,1,1,5,1,74
93,4,2,2025-05-21 10:30:00,17,2,3,1,2,1,9,39.15672888,-77.21458782,1,2,1,3,4,2,1,1,1,5,75
94,1,1,2025-05-21 10:05:00,7,1,4,1,2,1,1,39.05319317,-77.07712625,1,2,1,3,2,2,1,1,4,4,76
95,1,2,2025-05-21 08:28:00,9,1,6,1,2,1,1,38.98832867,-77.075006,1,2,1,2,1,1,1,1,1,4,77
96,1,1,2025-05-21 07:50:00,15,1,1,1,2,1,1,39.06613277,-77.03442611,1,2,1,4,1,1,1,1,4,1,43
97,1,1,2025-05-21 05:37:00,7,2,6,1,2,2,1,38.98788828,-77.02333052,2,2,1,3,2,2,1,1,1,4,78
98,1,1,2025-05-21 03:10:00,10,1,2,1,3,1,1,39.09415083,-77.08941767,1,6,1,2,2,2,1,1,1,1,1
99,3,2,2025-05-20 23:24:00,1,2,4,2,3,2,4,39.0887569,-77.1361305,2,2,2,3,3,2,1,1,1,5,28
100,1,2,2025-05-20 22:05:00,11,1,7,2,3,1,1,39.06258738,-76.96252539,2,1,2,2,7,2,1,1,4,4,79
101,1,1,2025-05-20 20:46:00,7,1,4,2,5,2,1,39.06908983,-76.96171917,1,2,2,3,2,2,1,1,1,1,1
102,1,2,2025-05-20 19:33:00,7,2,3,2,2,2,9,39.06317325,-77.0544775,2,2,2,4,2,2,1,1,1,1,80
103,1,1,2025-05-20 18:38:00,8,2,7,2,2,2,1,39.04821966,-77.10180663,2,5,2,3,4,2,2,1,5,1,5
104,1,1,2025-05-20 17:39:00,7,2,3,2,2,1,2,39.09198144,-77.20864335,1,2,2,1,6,2,2,1,4,1,81
105,1,2,2025-05-20 16:50:00,3,1,4,2,2,1,1,39.12889934,-77.16710169,1,2,2,4,2,2,1,1,4,1,42
106,1,1,2025-05-20 16:44:00,7,1,4,2,2,1,1,39.10491733,-77.12166967,1,3,2,3,2,2,1,1,1,1,3
107,1,1,2025-05-20 16:36:00,15,1,1,2,2,1,1,38.99238217,-77.16160183,1,2,2,4,1,3,1,1,4,4,82
108,1,2,2025-05-20 16:13:00,1,1,1,2,2,1,1,39.07734855,-77.0728073,1,2,2,3,2,2,1,1,1,1,83
109,1,1,2025-05-20 16:09:00,8,1,5,2,2,2,1,39.02580501,-77.02011874,2,2,2,3,2,2,1,1,4,4,84
110,1,1,2025-05-20 16:00:00,12,1,4,2,2,1,1,39.18186833,-77.26056667,1,2,2,4,2,2,1,1,4,4,85
111,4,2,2025-05-20 15:20:00,8,2,2,3,2,1,1,39.1482869,-77.23758292,1,5,2,3,3,2,1,1,1,4,86
112,1,1,2025-05-20 15:00:00,7,2,6,2,2,2,1,39.01332417,-77.00403256,2,2,2,3,2,2,1,1,1,1,87
113,1,1,2025-05-20 14:07:00,3,1,1,2,2,1,1,39.15825367,-77.20442287,1,2,2,4,1,1,1,1,4,1,88
114,1,2,2025-05-20 13:15:00,8,1,4,2,2,1,1,39.09554669,-76.93786648,1,3,2,4,1,1,1,1,5,1,89
115,2,1,2025-05-20 12:35:00,8,2,5,2,2,2,4,38.987463,-76.9880445,2,2,2,3,2,2,1,1,4,4,52
116,1,2,2025-05-20 12:07:00,8,1,4,2,2,1,1,39.03181922,-77.07477417,1,2,2,4,3,2,1,1,4,4,90
117,1,1,2025-05-20 10:15:00,8,2,4,2,2,1,1,39.05894521,-77.05800267,1,2,2,2,2,2,1,1,4,1,43
118,1,2,2025-05-20 09:10:00,13,1,1,2,2,1,1,39.0545175,-77.14307433,1,2,2,4,1,1,1,1,6,5,91
119,1,1,2025-05-20 08:59:00,3,1,5,2,2,1,1,39.10653101,-77.15930897,1,2,2,4,2,2,1,1,4,5,92
120,1,2,2025-05-20 08:48:00,18,1,1,2,2,1,1,39.14515908,-77.15013556,1,2,2,4,1,1,1,1,6,1,37
121,1,1,2025-05-20 08:47:00,8,2,5,2,2,2,1,39.13314374,-77.24503356,2,2,2,4,2,2,1,1,5,4,25
122,1,2,2025-05-20 07:16:00,8,1,2,2,2,1,1,39.10618633,-77.0015705,1,6,2,4,1,1,4,1,4,1,1
123,1,1,2025-05-20 00:37:00,8,1,5,2,3,2,4,39.04833069,-77.11375591,2,2,2,3,2,2,1,1,4,4,8
124,1,1,2025-05-19 21:33:00,8,1,3,2,3,1,2,39.02288367,-77.011417,1,2,2,3,2,2,4,1,4,3,93
125,1,2,2025-05-19 21:06:00,17,2,3,2,3,1,9,39.032216,-77.00361283,1,2,2,3,5,2,1,1,1,3,94
126,1,1,2025-05-19 19:52:00,7,2,3,2,2,1,11,39.14710167,-77.289615,1,2,2,3,2,2,3,1,1,1,95
127,1,2,2025-05-19 18:36:00,15,1,2,2,2,1,1,39.05093933,-77.07368183,1,2,2,2,3,2,1,1,1,4,76
128,1,2,2025-05-19 18:18:00,3,2,4,2,2,1,1,39.1758257,-77.24634981,1,2,2,3,5,2,1,1,4,1,66
129,1,1,2025-05-19 18:18:00,6,1,3,2,2,1,2,39.19011,-77.24931333,1,2,2,3,2,2,3,1,4,4,60
130,4,2,2025-05-19 16:57:00,1,1,4,2,2,1,1,39.14553583,-77.19252633,1,3,2,3,3,2,1,1,1,5,96
131,3,2,2025-05-19 16:04:00,1,1,1,2,2,1,1,39.11545218,-77.17069264,1,2,2,2,1,1,1,1,6,5,97
132,1,2,2025-05-19 16:01:00,7,2,8,2,2,2,12,39.1919257,-77.2800692,1,2,2,3,2,2,1,1,1,9,98
133,1,2,2025-05-19 16:00:00,6,1,4,2,2,1,1,39.06700186,-77.15037772,1,2,2,4,1,1,3,1,4,5,10
134,1,1,2025-05-19 15:45:00,1,1,3,2,2,1,13,39.15241497,-77.07988937,1,2,2,3,2,2,1,1,1,1,99
135,1,2,2025-05-19 14:56:00,6,2,4,2,2,1,1,38.96918598,-77.1103136,1,3,2,2,6,2,1,1,4,4,100
136,1,1,2025-05-19 14:51:00,8,2,9,2,2,2,1,39.09500945,-77.11300243,2,2,2,4,2,2,1,1,5,4,101
137,5,1,2025-05-19 14:30:00,8,1,4,2,2,4,1,39.18086249,-77.26247279,1,2,2,4,2,2,1,1,1,4,60
138,1,2,2025-05-19 13:40:00,1,1,5,2,2,1,1,39.0477735,-77.08837733,1,3,2,3,3,2,1,1,1,1,102
139,3,1,2025-05-19 13:33:00,3,1,1,2,2,1,1,39.07449491,-77.13585372,1,2,2,3,2,2,1,1,4,5,103
140,1,2,2025-05-19 13:15:00,3,1,4,2,2,1,1,39.02808443,-77.07650904,1,5,2,3,2,2,1,1,4,4,13
141,4,1,2025-05-19 12:37:00,3,1,1,2,2,1,1,39.140509,-77.20975617,1,2,2,4,6,2,1,1,1,4,104
142,1,1,2025-05-19 10:27:00,7,1,1,2,2,1,1,39.09518284,-77.11260584,1,2,2,4,1,1,1,1,4,1,105
143,1,2,2025-05-19 09:24:00,8,1,1,2,2,1,1,38.9830099,-77.07718217,1,2,2,2,1,1,1,1,4,5,106
144,1,1,2025-05-19 08:40:00,3,1,5,2,2,1,1,39.11640833,-77.16537317,1,2,2,3,2,2,1,1,1,1,107
145,3,1,2025-05-19 08:14:00,8,1,4,2,2,1,1,39.05841321,-77.1522538,1,2,2,4,2,2,3,1,1,8,108
146,1,1,2025-05-19 07:45:00,1,1,9,2,2,1,4,39.0295735,-77.01447317,1,2,2,1,1,1,1,1,1,1,109
147,1,1,2025-05-19 07:04:00,7,1,4,2,2,1,1,39.1174255,-77.16524417,1,3,2,4,2,2,1,1,1,10,110
148,1,2,2025-05-19 00:00:00,1,1,3,2,3,3,3,38.99679244,-77.0050954,1,5,2,3,2,2,1,1,1,1,111
149,1,2,2025-05-18 19:23:00,8,2,4,2,2,1,1,38.985845,-77.077047,1,2,2,2,5,2,1,1,4,4,112
150,1,1,2025-05-18 18:57:00,1,1,3,2,2,3,3,39.24830744,-77.27402631,1,2,2,1,3,2,2,1,1,1,113
151,1,1,2025-05-18 17:17:00,7,2,3,2,2,1,13,39.0370491,-77.13739569,1,3,2,3,8,2,2,1,5,1,1
152,1,1,2025-05-18 11:44:00,1,2,7,2,2,2,1,39.12183903,-77.11478183,1,2,2,3,2,2,1,1,1,4,1
153,1,1,2025-05-18 10:40:00,8,1,5,2,2,1,1,39.01943961,-77.04415486,1,2,2,2,1,1,1,1,4,1,114
154,4,2,2025-05-18 09:10:00,6,1,1,2,2,1,1,39.1527255,-77.21216117,1,2,2,4,1,1,1,1,4,4,23
155,1,2,2025-05-18 06:43:00,3,1,2,2,2,1,1,39.09935877,-77.0997679,1,2,2,4,1,1,1,1,4,1,1
156,1,1,2025-05-18 01:56:00,7,2,3,2,3,2,2,39.19046516,-77.22493571,3,2,2,3,1,1,1,1,1,1,60
157,1,2,2025-05-18 00:56:00,8,1,4,2,3,1,1,39.04562282,-77.07607376,1,2,2,3,2,2,1,1,4,4,112
158,1,1,2025-05-18 00:30:00,7,1,7,2,3,1,1,39.11136845,-76.93225355,1,2,2,4,2,2,1,1,6,3,115
159,1,2,2025-05-17 23:45:00,16,1,4,2,3,1,1,39.02967802,-77.04765564,2,4,2,3,3,2,1,1,6,9,116
160,1,1,2025-05-17 22:45:00,7,1,9,2,3,1,1,39.19225441,-77.27789254,1,2,2,3,2,2,1,1,1,1,117
161,1,2,2025-05-17 19:48:00,6,1,4,2,2,1,1,39.05310156,-77.1361095,1,5,2,4,1,1,3,1,4,1,118
162,1,1,2025-05-17 18:23:00,8,2,5,2,2,2,1,39.0556197,-76.99560519,2,2,2,4,3,2,1,1,4,4,27
163,1,1,2025-05-17 17:36:00,8,1,6,2,2,1,1,39.04154898,-77.05167899,1,2,2,4,1,1,1,1,5,4,90
164,1,2,2025-05-17 17:34:00,3,2,3,2,2,1,2,39.07650645,-76.97051754,1,2,2,4,1,1,1,1,1,1,1
165,1,1,2025-05-17 17:00:00,1,1,5,2,2,1,1,39.17234179,-77.19737895,1,2,2,3,1,1,1,1,1,11,1
166,1,1,2025-05-17 16:10:00,7,2,5,2,2,2,1,39.02062183,-77.122344,2,5,2,4,1,1,1,1,5,1,119
167,1,2,2025-05-17 16:07:00,7,1,4,3,2,2,1,39.24978,-77.3001425,2,2,2,3,2,2,1,1,5,2,120
168,1,2,2025-05-17 15:58:00,7,1,3,2,2,1,14,39.07239811,-77.31248209,1,3,2,3,4,2,3,1,1,4,1
169,1,2,2025-05-17 15:53:00,3,2,3,2,2,1,15,39.23450603,-77.28086671,1,2,2,3,2,2,1,1,4,1,121
170,1,1,2025-05-17 14:55:00,3,1,6,2,2,1,1,39.07124327,-77.06381966,1,2,2,3,2,2,1,1,2,4,24
171,4,1,2025-05-17 14:30:00,7,1,1,2,2,1,1,39.1453785,-77.21997383,1,2,2,4,2,2,1,1,1,4,35
172,4,1,2025-05-17 14:17:00,1,2,5,2,2,2,1,39.1226879,-77.23493568,2,2,2,3,2,2,1,1,1,5,122
173,4,1,2025-05-17 14:03:00,16,2,3,2,2,2,2,39.14444299,-77.21644331,2,2,2,2,1,1,1,1,6,10,123
174,1,1,2025-05-17 13:53:00,3,1,1,2,2,1,1,39.09056702,-77.04569934,1,2,2,3,2,2,1,1,2,1,1
175,3,1,2025-05-17 12:57:00,19,2,1,2,2,1,1,39.06875018,-77.1300934,1,2,2,2,4,2,1,1,6,4,8
176,1,2,2025-05-17 11:04:00,8,1,1,2,2,1,1,39.10628076,-77.15228593,1,2,2,4,2,2,1,1,6,1,124
177,4,2,2025-05-17 10:00:00,1,2,5,2,2,1,1,39.11875196,-77.20405387,1,2,2,3,5,2,1,1,4,8,125
178,1,1,2025-05-17 09:15:00,8,1,7,2,2,1,1,39.03637017,-77.038365,1,2,2,3,7,2,4,1,1,1,126
179,3,2,2025-05-17 05:00:00,7,1,1,2,3,1,1,39.07449121,-77.13567147,1,7,2,4,1,1,1,1,3,5,103
180,1,1,2025-05-17 05:00:00,1,2,3,2,3,2,3,39.144908,-77.168602,3,2,2,3,2,2,1,1,1,1,127
181,2,2,2025-05-17 04:20:00,7,1,4,2,3,1,1,38.98311049,-77.01530177,1,2,2,4,1,1,1,1,1,4,1
182,1,1,2025-05-16 23:51:00,8,2,3,2,3,1,8,39.02837411,-77.12656405,1,2,2,3,2,2,1,1,4,4,128
183,1,2,2025-05-16 23:30:00,8,2,9,2,3,1,1,39.01131079,-76.97861883,2,2,2,4,1,1,1,1,4,1,129
184,1,2,2025-05-16 21:22:00,3,1,1,2,3,1,1,39.15775275,-77.19194869,1,1,1,4,1,1,1,1,6,1,1
185,1,1,2025-05-16 18:41:00,1,1,2,2,2,1,1,39.23128694,-77.269714,1,2,1,3,3,2,1,1,1,4,1
186,1,1,2025-05-16 18:39:00,7,1,5,2,2,1,1,39.064557,-76.96943833,1,2,1,3,6,2,1,1,2,1,130
187,1,1,2025-05-16 17:30:00,1,2,3,4,6,1,15,39.1500971,-77.24328664,1,5,1,3,2,2,1,1,2,4,86
188,1,2,2025-05-16 17:05:00,20,1,7,2,2,1,1,39.11179534,-77.07584439,1,2,2,3,1,3,5,1,3,12,1
189,1,1,2025-05-16 17:00:00,1,2,9,2,2,1,4,39.0789252,-77.075849,1,2,1,3,2,2,1,1,1,1,131
190,1,1,2025-05-16 16:42:00,8,2,4,2,2,1,1,39.0469692,-76.98600294,1,2,2,3,2,2,1,1,1,3,94
191,1,1,2025-05-16 16:11:00,8,2,4,2,2,2,1,39.02418067,-76.97927774,2,2,2,3,2,2,1,1,4,4,52
192,1,1,2025-05-16 15:36:00,1,2,9,3,2,1,1,39.12666037,-77.14464662,2,2,2,1,1,3,1,1,1,1,132
193,1,1,2025-05-16 15:30:00,3,1,4,2,2,1,1,39.03996175,-77.04301767,1,2,2,4,3,2,1,1,4,1,133
194,1,1,2025-05-16 15:24:00,8,2,5,2,2,1,1,38.99252919,-77.06047679,1,2,2,4,6,2,1,1,4,4,134
195,1,2,2025-05-16 14:54:00,3,2,4,2,2,1,1,39.04582701,-77.07615267,1,3,2,4,1,1,1,1,4,9,135
196,1,1,2025-05-16 14:50:00,1,2,3,2,2,1,16,39.02972085,-77.12861761,1,2,2,3,2,2,1,1,1,9,136
197,1,2,2025-05-16 14:45:00,1,1,1,2,2,1,1,39.00118383,-77.123207,1,8,2,1,1,1,3,1,1,1,4
198,1,1,2025-05-16 14:39:00,6,1,3,2,2,1,2,39.10638496,-77.15849833,1,2,2,4,3,2,1,1,4,5,92
199,2,1,2025-05-16 13:47:00,7,2,4,2,2,1,1,38.98603401,-76.98812286,2,2,2,2,1,3,1,1,5,4,52
200,1,1,2025-05-16 13:00:00,7,1,4,2,2,1,1,38.99004117,-77.11692383,1,2,2,3,2,2,1,1,1,4,137
201,1,1,2025-05-16 12:57:00,8,1,4,2,2,1,1,39.10643787,-77.15822603,1,2,2,4,1,3,1,1,4,4,138
202,1,2,2025-05-16 12:44:00,8,2,4,2,2,1,1,39.03772487,-77.05955155,1,2,2,4,2,2,1,1,4,4,90
203,1,2,2025-05-16 11:10:00,7,1,4,2,2,1,1,39.18604431,-77.2636372,1,2,2,1,7,2,2,1,4,1,139
204,4,2,2025-05-16 09:44:00,9,2,9,3,2,1,1,39.14310917,-77.21741017,1,2,1,2,1,1,1,1,4,13,1
205,1,2,2025-05-16 09:30:00,3,1,2,2,2,1,1,39.02972854,-76.98364881,1,2,2,4,1,1,1,1,4,4,52
206,1,1,2025-05-16 08:44:00,19,1,7,2,2,1,1,39.03338335,-77.023903,1,2,2,4,3,2,1,1,1,4,90
207,1,2,2025-05-16 05:23:00,11,2,1,2,7,1,1,39.05707771,-77.16157274,1,2,2,4,1,1,1,1,4,1,1
208,1,1,2025-05-16 01:27:00,2,1,4,2,3,1,1,39.17695261,-77.27015992,1,2,2,4,1,1,1,1,1,1,65
209,1,1,2025-05-15 23:50:00,8,2,4,2,3,1,1,39.06428683,-77.03944483,1,2,2,4,2,2,1,1,5,1,140
210,1,1,2025-05-15 23:01:00,7,2,3,2,3,1,15,39.03228567,-77.0880275,1,3,2,3,3,2,3,1,5,4,141
211,1,2,2025-05-15 20:55:00,7,2,3,2,3,1,9,39.18107375,-77.2671538,1,2,2,5,1,1,1,1,1,1,142
212,1,1,2025-05-15 20:16:00,1,2,1,2,3,1,1,39.00397252,-77.04094907,1,4,2,2,1,1,1,1,1,1,143
213,4,1,2025-05-15 20:01:00,21,2,6,2,2,1,1,39.15002035,-77.20910556,1,2,2,4,2,2,1,1,4,5,1
214,1,2,2025-05-15 19:58:00,1,1,1,2,5,1,1,39.00372999,-77.13726693,1,2,2,2,1,1,1,1,1,4,137
215,1,2,2025-05-15 19:49:00,7,1,2,3,2,1,1,39.25241167,-77.139405,1,5,2,3,1,1,1,1,1,4,1
216,1,1,2025-05-15 17:13:00,8,1,7,2,2,1,1,39.02762243,-77.02064144,1,2,2,3,1,1,1,1,4,4,90
217,1,2,2025-05-15 15:50:00,7,1,1,2,2,1,1,38.99469818,-77.04432141,1,8,2,3,2,2,2,1,1,4,1
218,5,1,2025-05-15 15:35:00,2,2,4,2,2,2,1,38.97384366,-77.10189404,2,2,2,4,8,2,1,1,1,6,144
219,4,1,2025-05-15 15:30:00,7,2,2,2,2,1,1,39.11389362,-77.20831253,1,2,2,2,1,1,1,1,4,9,145
220,1,2,2025-05-15 15:23:00,7,1,4,2,2,1,1,39.15547017,-77.15565,1,2,2,3,2,2,1,1,1,4,146
221,1,1,2025-05-15 15:15:00,17,1,3,2,2,1,2,39.00850417,-76.981599,1,5,2,3,2,2,1,1,1,9,147
222,3,2,2025-05-15 14:30:00,8,2,4,2,2,1,1,39.09943435,-77.15406476,1,2,2,3,2,2,1,1,4,4,138
223,1,1,2025-05-15 13:56:00,8,1,4,2,2,1,1,39.06292582,-77.12509052,1,2,2,3,2,2,1,1,4,4,8
224,1,2,2025-05-15 13:27:00,8,3,8,2,2,1,7,39.08023256,-77.08076385,1,2,2,4,1,1,1,1,1,1,148
225,3,1,2025-05-15 12:50:00,1,2,5,2,2,2,1,39.08415854,-77.13337239,2,2,2,3,2,2,1,1,1,5,105
226,1,1,2025-05-15 11:01:00,1,1,4,2,2,2,1,39.08680542,-76.95858199,1,2,2,4,1,1,1,1,1,1,1
227,1,2,2025-05-15 11:00:00,3,3,3,2,2,1,7,39.1677852,-77.17428102,1,5,2,3,4,2,3,1,1,1,1
228,1,1,2025-05-15 10:48:00,8,1,4,2,2,1,1,39.01058891,-77.15161823,1,2,2,3,2,2,1,1,4,2,7
229,1,1,2025-05-15 09:00:00,8,1,4,3,2,1,1,39.16945292,-77.19116149,1,2,1,3,2,2,1,1,4,1,149
230,1,1,2025-05-15 08:47:00,1,1,5,3,2,1,1,38.994015,-76.99124683,1,2,2,3,3,2,1,1,1,1,150
231,1,2,2025-05-15 08:21:00,7,2,4,3,2,1,1,39.05087889,-77.16406619,1,2,2,3,2,2,1,1,1,1,1
232,1,2,2025-05-15 08:08:00,7,1,5,3,2,1,1,39.11003,-77.30287167,1,8,2,4,7,2,1,1,10,4,1
233,3,1,2025-05-15 06:46:00,1,1,3,2,2,3,10,39.08513342,-77.15094421,1,2,1,4,1,1,1,1,1,5,15
234,1,1,2025-05-14 17:30:00,4,1,1,2,2,1,1,39.00404891,-77.02365895,2,2,2,3,1,1,1,1,1,3,73
235,3,1,2025-05-14 17:25:00,7,2,4,2,2,2,1,39.05823972,-77.12468036,2,2,2,3,2,2,1,1,1,5,151
236,1,1,2025-05-14 17:20:00,7,1,4,2,2,1,1,39.03664476,-77.14801374,1,3,2,3,2,2,1,1,1,1,152
237,1,1,2025-05-14 16:58:00,8,1,1,2,2,1,1,39.04398361,-76.95109347,2,2,2,4,3,2,1,1,5,1,153
238,1,2,2025-05-14 16:26:00,7,1,2,3,2,1,1,39.2463624,-77.14383436,1,2,2,3,1,1,1,1,1,4,1
239,4,2,2025-05-14 16:12:00,7,1,4,3,2,1,1,39.11635364,-77.20777356,1,5,2,4,5,2,3,1,1,12,1
240,4,2,2025-05-14 15:22:00,15,1,6,3,2,1,1,39.12798889,-77.18511325,1,5,2,3,1,1,1,1,4,4,30
241,1,1,2025-05-14 14:46:00,1,1,6,2,2,1,1,39.088931,-77.09427383,1,2,2,1,1,3,1,1,1,1,154
242,3,1,2025-05-14 14:37:00,3,1,4,2,2,2,1,39.07699165,-77.13950217,2,2,2,4,2,2,1,1,4,5,155
243,1,1,2025-05-14 14:15:00,7,2,10,2,2,2,4,38.96182358,-77.08751828,2,5,2,3,2,2,1,1,1,1,156
244,1,1,2025-05-14 13:25:00,1,2,9,2,2,1,1,38.99983738,-77.01125972,1,2,1,3,2,2,1,1,2,4,67
245,1,2,2025-05-14 12:38:00,3,1,1,3,2,1,1,39.15190809,-77.06444674,1,6,1,4,1,1,1,1,4,4,157
246,1,2,2025-05-14 11:09:00,7,1,5,3,2,1,4,39.024177,-77.1325385,2,2,1,3,2,2,1,1,4,1,158
247,1,2,2025-05-14 10:55:00,8,2,3,3,2,1,17,39.03652807,-77.0295753,1,2,2,3,2,2,1,1,4,4,90
248,1,2,2025-05-14 10:22:00,7,2,5,3,2,1,1,39.06073801,-77.15802758,1,2,1,3,2,2,1,1,1,10,1
249,1,1,2025-05-14 09:18:00,8,2,4,1,2,2,1,39.05106955,-77.075035,2,5,1,3,3,2,1,1,4,4,13
250,1,1,2025-05-14 08:54:00,3,1,4,1,2,1,1,39.05208809,-77.07575574,2,5,1,4,1,3,1,1,1,4,135
251,1,2,2025-05-14 08:46:00,20,2,1,3,2,2,1,39.04732839,-77.07584833,2,2,1,4,1,3,1,1,6,1,159
252,1,1,2025-05-14 08:01:00,3,1,4,1,2,1,1,39.19213217,-77.24247899,1,2,1,4,1,1,1,1,4,4,60
253,1,1,2025-05-14 06:16:00,7,2,1,1,2,1,1,39.08800111,-77.30282745,1,6,1,3,1,1,1,1,5,1,160
254,1,3,2025-05-14 05:31:00,8,2,3,1,3,2,9,39.15797194,-77.22180418,1,2,1,4,2,2,1,1,4,10,161
255,1,1,2025-05-14 01:30:00,7,2,3,1,3,1,15,39.25989333,-77.21113917,1,5,1,3,2,2,1,1,1,1,162
256,1,2,2025-05-13 23:15:00,8,1,1,1,3,1,1,39.0356246,-77.02587627,1,4,1,4,1,1,6,1,4,4,84
257,1,1,2025-05-13 21:29:00,3,2,7,1,3,1,1,38.99468583,-77.036538,1,3,1,2,1,1,1,1,4,4,134
258,1,1,2025-05-13 18:27:00,7,1,4,1,2,1,1,39.13221967,-77.12095367,1,2,1,4,2,2,1,1,1,4,146
259,1,1,2025-05-13 18:17:00,1,1,4,1,2,1,4,38.98836391,-77.0989828,1,2,1,3,2,2,1,1,1,1,163
260,1,1,2025-05-13 17:30:00,7,2,3,1,2,1,5,39.12465134,-77.37374778,1,2,1,3,2,2,2,1,1,4,164
261,1,1,2025-05-13 17:21:00,8,1,5,1,2,1,1,39.03487606,-77.0251293,2,2,1,3,3,2,1,1,1,4,84
262,1,1,2025-05-13 17:20:00,20,1,2,1,2,1,1,39.14459599,-77.14465922,1,2,1,2,2,2,1,1,9,1,107
263,1,1,2025-05-13 17:15:00,8,2,5,1,2,2,1,39.02976466,-77.07529517,2,2,1,4,2,2,1,4,4,5,165
264,1,1,2025-05-13 16:53:00,1,2,5,1,2,2,1,39.17009252,-77.21808453,2,2,1,3,2,2,1,1,1,1,166
265,1,1,2025-05-13 15:12:00,7,1,4,1,2,1,1,39.18207433,-77.26029598,1,2,1,4,2,2,1,1,1,1,139
266,1,1,2025-05-13 15:01:00,1,1,7,1,2,1,4,39.00135765,-77.00894896,1,2,1,3,2,2,1,1,1,10,167
267,1,1,2025-05-13 14:20:00,7,1,5,1,2,1,1,39.1144323,-77.18556679,2,2,1,4,6,2,1,1,4,5,168
268,1,1,2025-05-13 13:14:00,8,1,5,1,2,1,1,38.97638808,-77.07712817,1,2,1,4,2,2,1,1,4,4,112
269,1,1,2025-05-13 11:59:00,7,1,1,1,2,1,1,39.02913187,-77.05105344,1,5,1,3,2,2,1,1,1,1,169
270,4,1,2025-05-13 11:30:00,3,1,1,1,2,1,1,39.11238433,-77.18672983,1,2,1,3,5,2,6,1,1,1,37
271,1,1,2025-05-13 11:10:00,8,2,3,1,2,1,18,39.12071905,-77.19521535,1,2,1,3,2,2,3,4,1,8,125
272,3,2,2025-05-13 08:53:00,1,2,3,1,2,1,17,39.0789742,-77.15590831,1,2,1,3,2,2,1,1,1,5,15
273,1,1,2025-05-13 08:50:00,9,1,1,1,2,2,1,39.15726216,-77.27578109,2,2,1,2,1,3,1,1,11,4,170
274,3,1,2025-05-13 08:18:00,1,1,7,1,2,1,1,39.10179804,-77.15980958,1,2,1,3,2,2,1,1,1,5,1
275,1,2,2025-05-13 08:09:00,8,1,1,1,2,1,1,39.01212529,-77.00274206,1,2,1,4,1,1,1,1,2,1,171
276,1,1,2025-05-13 08:00:00,8,1,4,1,2,1,1,39.09040693,-77.05214989,1,3,1,3,6,2,1,1,8,1,1
277,1,1,2025-05-13 08:00:00,7,1,3,1,2,1,19,38.96005967,-77.13216905,1,2,1,3,2,2,3,1,1,1,1
278,1,1,2025-05-13 07:36:00,1,2,9,1,2,2,1,39.2647754,-77.1760514,2,2,1,3,2,2,1,1,1,1,172
279,1,1,2025-05-13 05:59:00,8,1,3,1,2,1,2,39.03757024,-76.99908219,1,3,1,3,1,1,1,1,4,3,94
280,1,1,2025-05-13 04:00:00,1,1,3,1,3,1,15,39.12475386,-77.00971939,1,2,1,3,2,2,3,1,1,1,173
281,1,1,2025-05-13 02:44:00,7,2,4,1,3,2,1,38.96382252,-77.10221544,2,2,1,3,2,2,1,1,8,4,82
282,1,2,2025-05-12 21:20:00,6,2,3,3,1,1,9,39.03343794,-76.986232,1,2,1,4,1,1,1,1,4,1,174
283,1,2,2025-05-12 21:16:00,7,2,7,2,3,1,1,38.95993633,-77.09632699,1,2,1,3,1,1,1,1,1,1,175
284,1,1,2025-05-12 19:40:00,11,1,1,2,2,1,1,39.05146911,-77.07475821,2,4,2,4,2,2,1,1,4,4,176
285,3,2,2025-05-12 18:52:00,8,2,10,2,2,1,1,39.07284844,-77.13382746,1,2,2,4,2,2,1,1,4,4,177
286,1,2,2025-05-12 18:39:00,3,2,4,3,2,1,1,39.06613464,-77.02220373,1,5,2,2,3,2,1,1,4,1,178
287,1,2,2025-05-12 18:30:00,1,1,4,2,2,1,1,39.19227433,-77.00631267,1,2,2,3,2,2,1,1,1,1,179
288,1,1,2025-05-12 17:31:00,7,2,4,3,2,1,1,39.02017218,-77.16168951,1,2,2,3,2,2,1,1,1,1,49
289,4,1,2025-05-12 16:50:00,6,2,4,3,2,1,1,39.13929076,-77.22200181,1,2,2,4,3,2,1,1,2,4,35
290,1,1,2025-05-12 14:14:00,8,1,4,2,2,1,1,39.20149512,-77.25368181,1,2,2,4,2,2,1,1,4,1,180
291,3,1,2025-05-12 14:00:00,3,2,5,2,2,1,1,39.05868607,-77.11887897,1,3,2,4,2,2,2,1,4,5,181
292,3,2,2025-05-12 13:20:00,7,2,6,2,2,1,1,39.0914664,-77.17858335,1,3,2,2,4,2,4,1,1,5,182
293,1,2,2025-05-12 13:12:00,7,1,3,2,2,1,2,39.10602833,-77.29613,1,2,2,3,2,2,1,1,1,4,1
294,1,1,2025-05-12 12:15:00,13,1,1,2,2,1,1,39.1520267,-77.06436437,1,1,2,4,1,3,1,1,4,4,183
295,1,1,2025-05-12 09:58:00,8,1,5,2,2,1,1,38.976296,-77.07707841,1,2,2,3,2,2,1,1,4,4,112
296,1,1,2025-05-12 08:20:00,19,1,6,2,2,1,1,39.02835874,-77.04729617,1,2,2,2,1,1,1,1,5,9,184
297,1,2,2025-05-12 08:09:00,1,1,2,2,2,1,1,39.1930755,-77.23058517,1,6,2,3,2,2,4,1,1,1,185
298,1,1,2025-05-12 07:49:00,15,2,1,2,2,2,1,39.18769758,-77.18678164,2,9,2,4,1,1,1,1,1,1,186
299,1,1,2025-05-12 06:40:00,7,1,5,2,2,1,1,39.17441766,-77.05867188,1,2,2,3,2,2,1,1,1,4,58
300,1,2,2025-05-12 06:20:00,3,1,4,2,2,1,1,39.04621946,-76.98733455,1,2,2,3,2,2,1,1,4,3,187
301,1,1,2025-05-12 01:56:00,8,1,3,2,3,3,2,38.98696574,-77.02673558,1,2,2,3,2,2,1,1,1,3,1
302,1,1,2025-05-12 01:30:00,1,1,3,2,3,1,2,39.02018665,-76.97784164,1,2,2,3,5,2,3,1,1,8,188
303,1,1,2025-05-12 00:30:00,22,1,3,2,3,1,2,39.12062683,-77.034799,1,2,2,3,3,2,1,1,5,4,101
304,1,1,2025-05-11 22:44:00,3,2,4,2,3,2,1,39.01918944,-76.9765611,2,2,2,4,1,3,1,1,4,4,27
305,3,1,2025-05-11 21:02:00,1,2,4,2,3,1,1,39.06965817,-77.12807583,1,2,2,3,2,2,1,1,1,5,189
306,2,1,2025-05-11 21:00:00,1,2,5,2,3,2,1,38.981785,-77.015998,2,3,2,3,2,2,3,1,1,4,1
307,1,1,2025-05-11 20:52:00,1,2,6,2,1,2,4,39.06699853,-76.98323123,2,2,2,3,2,2,1,1,1,1,190
308,1,1,2025-05-11 15:10:00,7,2,1,2,2,1,1,39.06468103,-77.00767823,1,2,2,1,1,1,1,1,1,1,191
309,1,1,2025-05-11 15:01:00,3,2,5,2,2,1,1,39.09571121,-76.93772633,1,2,2,3,6,2,1,1,1,3,94
310,1,1,2025-05-11 13:51:00,7,1,3,2,2,1,10,39.196007,-77.25523017,1,2,2,3,2,2,2,1,4,1,192
311,1,1,2025-05-11 13:40:00,7,2,10,2,2,1,1,39.13187383,-77.246429,1,2,2,2,1,1,1,1,1,1,193
312,1,2,2025-05-11 13:34:00,1,1,4,2,2,1,1,38.99680673,-77.16928594,1,2,2,3,2,2,1,1,5,4,1
313,1,2,2025-05-11 13:23:00,1,1,3,2,2,1,10,39.20638377,-77.14108181,1,2,2,1,2,2,3,1,1,4,194
314,1,1,2025-05-11 10:44:00,8,1,1,2,2,1,1,39.03437836,-77.12497334,1,2,2,4,1,1,1,1,4,1,195
315,1,1,2025-05-11 05:00:00,3,1,5,2,3,1,4,39.07136258,-77.09864021,1,2,2,3,3,2,1,1,1,1,1
316,1,1,2025-05-11 04:45:00,7,2,3,2,3,2,2,39.19045478,-77.22483278,1,2,2,3,1,4,3,1,1,1,60
317,1,2,2025-05-11 04:15:00,7,2,2,2,3,1,1,39.00130823,-76.9866518,1,3,2,3,2,2,3,1,1,4,196
318,1,1,2025-05-11 01:11:00,1,2,3,2,1,1,6,39.15229089,-77.41614234,1,2,2,3,2,2,1,1,1,4,197
319,1,1,2025-05-11 00:44:00,7,2,3,2,1,1,18,39.06589371,-76.97390197,1,2,2,3,2,2,2,1,4,1,130
320,1,1,2025-05-11 00:32:00,3,1,3,2,3,3,2,39.01984166,-77.01328143,1,2,2,4,1,1,1,1,4,4,84
321,1,1,2025-05-10 21:16:00,1,1,3,2,1,3,20,39.16266995,-77.19218489,1,10,2,3,2,2,1,1,1,1,1
322,3,1,2025-05-10 21:10:00,17,2,7,2,3,3,4,39.08634068,-77.15096717,1,2,2,3,2,2,1,1,1,5,15
323,4,2,2025-05-10 21:01:00,8,2,3,2,3,1,9,39.14068682,-77.21070021,1,2,2,4,2,2,3,1,1,8,198
324,1,2,2025-05-10 19:30:00,7,1,3,2,2,1,21,39.12724933,-77.071854,1,2,2,3,2,2,1,1,2,4,58
325,1,2,2025-05-10 19:25:00,1,1,3,2,2,1,9,39.15325669,-77.17374858,1,2,2,3,2,2,1,1,1,1,199
326,1,2,2025-05-10 18:12:00,1,1,1,2,2,1,1,38.98311807,-77.10519145,1,2,2,1,1,1,1,1,1,1,200
327,1,2,2025-05-10 15:43:00,8,1,2,2,2,1,1,39.0211515,-77.20779367,1,2,2,3,2,2,1,1,2,4,1
328,1,1,2025-05-10 13:30:00,3,2,5,2,2,2,1,38.97952345,-77.09206158,2,2,2,3,3,2,1,1,4,4,201
329,1,1,2025-05-10 11:35:00,7,1,6,2,2,1,1,39.08028377,-77.07886139,2,1,2,2,4,2,1,3,1,1,148
330,1,2,2025-05-10 11:23:00,2,1,9,2,2,1,1,39.11156376,-76.92878466,1,2,2,4,1,3,1,1,3,4,202
331,1,1,2025-05-10 10:46:00,1,1,1,2,2,1,1,39.2468156,-77.23411332,1,2,2,3,1,1,1,1,1,4,29
332,1,1,2025-05-10 10:06:00,2,1,1,2,2,1,1,39.08515559,-77.07856596,1,4,2,2,4,2,1,1,11,13,1
333,1,1,2025-05-10 09:53:00,8,2,4,2,2,1,1,39.05288866,-77.07680056,1,2,2,3,2,2,1,1,4,4,176
334,1,2,2025-05-10 09:35:00,21,1,1,2,2,1,1,39.05610649,-76.9712593,1,6,2,4,1,1,1,1,12,3,94
335,1,1,2025-05-10 09:17:00,6,1,3,2,2,1,22,39.20440964,-77.24619633,1,2,2,4,1,1,1,1,4,4,14
336,4,2,2025-05-10 08:24:00,11,2,1,2,2,1,1,39.15018576,-77.2089142,1,2,2,4,1,1,1,1,4,4,23
337,1,1,2025-05-10 08:06:00,1,1,1,2,2,1,1,39.22461833,-77.26191283,1,3,2,3,4,2,1,1,1,4,23
338,1,1,2025-05-10 07:05:00,7,2,1,2,2,2,1,39.03893217,-76.99212891,2,3,2,2,4,2,1,1,1,1,203
339,1,1,2025-05-10 04:15:00,7,1,3,2,1,1,23,39.20323758,-77.18718322,1,3,2,3,2,2,2,1,1,1,1
340,4,1,2025-05-10 03:45:00,1,2,4,2,3,1,1,39.1743285,-77.204947,1,2,2,1,2,2,1,1,1,9,204
341,1,2,2025-05-10 00:05:00,7,1,3,2,1,3,5,39.22587567,-77.20663117,1,5,1,3,2,2,3,1,1,1,205
342,3,1,2025-05-09 22:35:00,3,2,4,2,3,2,1,39.08162205,-77.14619891,2,2,2,4,1,1,2,1,1,4,8
343,1,1,2025-05-09 21:30:00,8,2,4,2,3,1,1,39.055065,-77.11819784,2,2,2,4,2,2,1,1,4,4,177
344,1,1,2025-05-09 19:06:00,3,1,5,2,2,2,1,38.99944937,-76.99562293,2,3,2,3,2,2,1,1,4,4,196
345,1,2,2025-05-09 19:00:00,3,1,4,2,2,1,1,39.08766495,-76.99951254,1,2,2,4,5,2,1,1,4,8,206
346,1,2,2025-05-09 17:42:00,7,2,3,2,2,1,9,39.11645959,-77.19923171,1,2,2,1,2,2,1,1,4,5,207
347,4,1,2025-05-09 17:30:00,7,1,4,2,2,1,1,39.1403235,-77.20703117,2,2,2,3,2,2,1,1,1,4,104
348,1,2,2025-05-09 17:23:00,7,2,3,2,2,2,6,39.08534924,-77.22339994,1,2,2,3,2,2,1,1,1,1,46
349,1,2,2025-05-09 16:48:00,1,2,3,2,2,2,9,39.08463197,-77.07799855,3,2,2,3,4,2,1,1,1,4,58
350,1,2,2025-05-09 15:50:00,7,2,1,2,2,2,1,39.04585633,-77.055294,2,2,2,1,1,3,1,1,1,1,208
351,1,1,2025-05-09 15:36:00,7,2,7,3,2,2,4,39.057568,-77.0563205,2,2,2,1,2,2,1,1,1,1,209
352,1,1,2025-05-09 15:19:00,3,1,5,2,2,2,1,39.11133777,-77.18730852,2,2,2,3,5,2,1,1,4,8,210
353,1,1,2025-05-09 13:26:00,2,2,1,3,2,2,1,39.10944667,-77.18831514,2,2,2,4,5,2,1,1,4,1,42
354,1,1,2025-05-09 12:40:00,8,1,4,3,2,1,1,39.2006336,-77.2572648,1,2,1,3,2,2,1,1,4,1,180
355,3,2,2025-05-09 11:10:00,3,1,1,2,2,1,1,39.05918788,-77.12175748,1,2,2,3,2,2,1,1,4,4,8
356,1,1,2025-05-09 10:32:00,8,2,5,3,2,2,1,39.03423749,-77.07188121,2,2,1,3,3,2,1,1,4,4,90
357,2,1,2025-05-09 10:00:00,7,2,5,2,2,2,1,38.98549677,-76.9948447,2,2,2,3,2,2,1,1,1,5,211
358,1,2,2025-05-09 09:30:00,8,3,8,1,2,1,9,39.10891144,-77.08008727,1,2,1,5,2,2,1,1,5,4,146
359,1,1,2025-05-09 08:31:00,3,2,1,1,2,1,1,38.99768429,-77.09678062,1,2,1,3,3,2,1,1,4,4,8
360,1,1,2025-05-09 07:56:00,7,1,6,1,2,1,1,38.99304867,-77.06514989,1,2,1,3,2,2,2,1,1,4,77
361,4,1,2025-05-09 07:54:00,8,1,5,1,2,1,1,39.13986627,-77.19642975,1,3,1,3,7,2,1,1,4,4,30
362,3,1,2025-05-09 07:50:00,8,2,1,1,2,2,1,39.08454042,-77.13627179,2,2,1,4,2,2,1,1,11,4,212
363,1,1,2025-05-09 07:35:00,8,1,4,1,2,1,1,39.00395767,-77.04014883,1,2,1,3,2,2,1,1,4,9,116
364,3,2,2025-05-09 07:23:00,8,1,1,1,2,1,1,39.08572878,-77.17075025,1,6,1,4,2,2,4,1,4,5,1
365,1,2,2025-05-09 06:49:00,7,2,3,1,2,1,9,38.96370034,-77.10657709,1,2,1,4,2,2,1,1,1,1,213
366,4,1,2025-05-09 03:37:00,6,2,3,1,3,1,2,39.11629722,-77.20748484,1,3,1,4,5,2,3,1,1,12,1
367,1,1,2025-05-09 02:42:00,1,2,3,1,3,2,2,39.17488818,-77.19038208,3,2,1,3,2,2,1,1,1,9,214
368,1,1,2025-05-09 01:10:00,7,1,3,2,3,1,2,39.10266908,-77.00387217,1,2,2,3,2,2,2,1,4,4,27
369,1,1,2025-05-08 23:00:00,1,1,3,2,1,1,24,39.20972817,-77.062701,1,5,2,3,2,2,2,1,1,4,58
370,1,2,2025-05-08 22:14:00,16,2,6,2,3,1,1,39.05440933,-77.05041977,1,2,2,4,2,2,1,1,4,10,215
371,1,1,2025-05-08 21:23:00,7,2,4,2,3,1,1,39.08408199,-76.94941368,1,3,2,4,5,2,2,1,4,8,216
372,1,1,2025-05-08 18:40:00,8,2,5,2,2,1,1,39.09461733,-77.07912217,1,2,2,2,2,2,1,1,5,4,58
373,1,1,2025-05-08 18:11:00,4,1,5,2,2,1,1,38.99714017,-77.02731167,1,2,2,3,2,2,1,1,1,3,1
374,1,1,2025-05-08 16:56:00,6,1,7,1,2,1,1,39.0068595,-77.09761661,1,2,1,3,2,2,1,1,4,4,8
375,1,1,2025-05-08 16:47:00,1,1,4,1,2,1,1,39.00625169,-76.98469721,1,3,1,3,2,2,1,1,4,1,217
376,1,1,2025-05-08 15:30:00,3,2,4,2,2,2,1,39.0411568,-77.05314617,2,2,2,4,2,2,1,1,4,4,90
377,1,1,2025-05-08 15:28:00,8,2,4,3,2,1,1,38.9942115,-77.09632533,1,5,2,3,2,2,1,1,4,4,40
378,4,1,2025-05-08 15:13:00,3,1,4,2,2,1,1,39.15222742,-77.21212377,1,2,2,1,5,2,1,1,4,12,1
379,1,2,2025-05-08 15:05:00,1,2,3,2,2,1,25,39.07575217,-77.08181067,1,2,2,3,1,1,1,1,2,1,218
380,1,1,2025-05-08 14:38:00,1,1,4,2,2,1,1,39.171795,-77.25583583,1,2,2,3,2,2,1,1,1,1,68
381,1,1,2025-05-08 13:49:00,7,2,4,2,2,1,1,39.05294673,-77.1285496,1,2,2,3,4,2,1,1,4,1,118
382,3,2,2025-05-08 13:20:00,3,1,4,2,2,1,1,39.09690574,-77.15343511,1,2,2,3,2,2,1,1,4,4,69
383,1,2,2025-05-08 12:37:00,2,1,1,3,2,1,1,39.02230721,-77.16765604,1,11,2,4,1,1,1,1,1,1,219
384,1,2,2025-05-08 09:47:00,3,1,4,2,2,1,1,39.09320558,-77.07962606,1,2,2,1,1,1,3,1,4,1,220
385,1,1,2025-05-08 09:00:00,8,1,4,2,2,1,1,39.06260621,-77.04192255,1,2,2,4,2,2,1,1,4,1,178
386,1,2,2025-05-08 00:16:00,2,1,2,2,3,1,1,38.99095007,-77.15557117,1,2,2,4,5,2,1,1,4,4,100
387,4,1,2025-05-07 22:40:00,7,1,4,2,3,1,1,39.11789696,-77.20315217,1,2,2,1,1,4,4,1,4,9,221
388,1,1,2025-05-07 21:33:00,1,2,3,2,3,1,8,39.1267636,-77.08397656,1,2,2,3,3,2,1,1,1,1,222
389,5,1,2025-05-07 20:32:00,4,2,4,2,3,1,1,39.02024436,-77.01252616,1,2,2,4,2,2,1,1,1,4,223
390,1,2,2025-05-07 18:39:00,7,1,1,2,2,1,1,39.07835195,-77.13025482,1,2,2,4,1,1,1,1,5,5,1
391,1,1,2025-05-07 16:45:00,7,2,4,2,2,1,1,38.99121507,-77.06888711,1,2,2,3,1,1,2,1,1,1,224
392,1,2,2025-05-07 16:41:00,15,2,4,2,2,1,1,39.02605046,-77.01079583,1,6,2,4,1,1,4,1,7,3,93
393,1,1,2025-05-07 16:41:00,8,1,1,2,2,1,1,39.09365,-77.0781175,1,3,2,3,7,2,1,1,5,1,1
394,1,1,2025-05-07 16:30:00,8,1,4,2,2,1,1,39.0579055,-76.96876833,1,2,2,4,2,2,1,1,5,3,187
395,1,2,2025-05-07 15:56:00,7,1,4,2,2,1,1,39.10797309,-77.15223122,1,2,2,1,1,3,1,1,2,11,1
396,1,2,2025-05-07 15:45:00,9,1,1,2,2,1,1,39.10000117,-77.00387483,1,2,2,3,2,2,1,1,4,4,52
397,1,1,2025-05-07 14:16:00,1,2,5,2,2,1,1,39.04606372,-77.03894311,1,2,2,3,2,2,1,1,1,1,225
398,3,1,2025-05-07 14:11:00,3,2,3,2,2,1,7,39.09189755,-77.15368625,1,5,2,1,3,2,1,1,4,12,1
399,1,2,2025-05-07 13:47:00,1,2,3,2,2,1,2,39.24448839,-77.27997618,1,3,2,3,2,2,1,1,1,1,226
400,1,2,2025-05-07 12:57:00,7,2,3,2,2,2,9,39.04308501,-77.05313664,1,2,2,1,1,1,1,1,1,1,18
401,1,1,2025-05-07 09:18:00,4,1,5,2,2,1,1,38.99752494,-77.02706137,1,2,2,4,2,2,1,1,1,3,73
402,1,1,2025-05-07 07:28:00,8,2,5,2,2,2,1,39.00545994,-77.03803187,2,2,2,3,2,2,1,1,13,4,58
403,1,1,2025-05-07 06:40:00,8,2,3,2,2,1,24,39.13740745,-77.1330398,1,2,2,3,2,2,1,1,4,4,227
404,3,1,2025-05-07 04:24:00,8,2,3,2,3,2,2,39.07727104,-77.13945286,1,2,2,4,3,2,1,1,4,4,228
405,4,2,2025-05-07 00:09:00,15,1,6,1,3,1,1,39.15346221,-77.23096407,1,2,1,4,1,1,1,1,4,10,229
406,2,1,2025-05-06 21:20:00,7,1,5,2,3,1,1,38.98896295,-76.98784343,1,2,3,3,1,1,1,5,4,4,52
407,4,1,2025-05-06 20:20:00,7,1,1,2,3,1,1,39.13603917,-77.25058217,1,2,2,3,2,2,1,1,5,4,170
408,1,2,2025-05-06 19:39:00,1,2,3,2,5,1,11,38.986289,-77.20948667,1,2,2,3,2,2,1,1,1,1,230
409,4,1,2025-05-06 19:29:00,1,1,4,2,2,1,1,39.1321145,-77.18905818,1,2,2,4,1,1,1,1,1,5,231
410,1,2,2025-05-06 19:27:00,8,1,4,2,2,1,1,39.02762621,-77.07703612,1,2,2,4,2,2,1,1,9,4,141
411,1,1,2025-05-06 18:34:00,5,1,4,2,2,1,1,39.01329709,-77.0036993,1,2,2,3,1,1,1,1,4,4,232
412,1,2,2025-05-06 18:32:00,8,1,4,2,2,1,1,39.13194215,-77.18865152,1,2,2,4,3,2,1,1,4,4,30
413,1,2,2025-05-06 16:35:00,4,1,6,2,2,1,1,39.00516786,-77.03783935,1,2,2,2,1,1,1,1,3,1,143
414,1,2,2025-05-06 16:25:00,7,1,4,2,2,1,1,39.0046275,-77.139266,1,3,2,3,2,2,1,1,1,4,137
415,1,1,2025-05-06 15:54:00,8,1,1,2,2,1,1,39.02974604,-77.07578323,1,2,2,4,2,2,3,1,4,4,112
416,1,1,2025-05-06 15:26:00,7,1,5,2,2,1,4,39.02145033,-77.0387765,1,2,2,3,2,2,1,1,1,1,233
417,1,2,2025-05-06 15:24:00,7,2,3,1,2,1,6,39.1394645,-77.3568199,1,2,1,3,2,2,3,1,1,4,1
418,1,2,2025-05-06 12:39:00,3,1,1,2,2,1,1,39.12123676,-76.98895008,1,2,2,4,1,1,1,1,4,4,52
419,1,2,2025-05-06 12:19:00,8,2,3,2,2,1,7,38.9934644,-77.09608134,1,2,2,3,1,1,1,1,4,1,234
420,5,1,2025-05-06 11:30:00,1,2,4,2,2,2,1,39.06563871,-76.98024034,2,2,2,1,1,1,1,1,1,1,235
421,1,1,2025-05-06 11:00:00,8,1,5,2,2,1,1,39.07549204,-76.99615361,1,4,2,3,2,2,1,1,4,1,130
422,1,2,2025-05-06 10:48:00,1,2,3,2,2,1,22,39.1126325,-77.24029055,1,2,2,3,2,2,1,1,1,5,236
423,1,1,2025-05-06 10:35:00,1,2,3,3,2,1,3,39.16996197,-77.20979993,2,2,2,3,2,2,5,1,1,1,237
424,1,1,2025-05-06 10:30:00,2,1,1,2,2,1,1,39.06529742,-76.97828322,1,1,2,2,5,2,6,1,1,1,130
425,1,1,2025-05-06 09:36:00,6,1,4,2,2,1,1,39.00591416,-77.07544109,1,2,2,3,3,2,1,1,4,2,7
426,1,1,2025-05-06 08:50:00,7,1,5,3,2,1,1,39.22687272,-77.29070558,1,2,2,1,1,4,2,1,1,13,1
427,1,2,2025-05-06 08:35:00,8,1,4,3,2,1,1,39.02928042,-76.98408392,1,2,1,3,3,2,1,1,4,13,1
428,5,1,2025-05-06 08:27:00,7,2,3,2,2,2,26,39.01944751,-77.09768338,3,2,2,3,3,2,1,1,1,6,238
429,2,1,2025-05-06 07:29:00,1,2,4,3,2,2,1,38.9759691,-77.00743135,1,3,2,1,1,1,1,1,1,5,239
430,1,2,2025-05-06 06:45:00,7,1,7,3,2,1,1,39.08685633,-77.07381667,1,2,1,3,1,1,1,1,8,1,112
431,1,1,2025-05-06 06:36:00,8,1,4,3,2,1,1,39.03365566,-77.07497399,1,2,1,3,3,2,3,1,4,4,13
432,1,1,2025-05-06 00:19:00,2,1,4,1,3,3,1,39.11689681,-77.20123233,1,2,1,1,1,4,5,1,1,5,207
433,1,1,2025-05-05 22:15:00,6,1,3,1,3,1,2,39.20185083,-77.25311114,1,2,1,4,1,1,1,1,4,1,240
434,1,1,2025-05-05 22:11:00,4,2,4,1,3,2,1,39.00512825,-77.02287404,2,2,1,2,1,1,1,1,1,3,1
435,2,1,2025-05-05 20:13:00,8,2,1,1,3,2,1,38.98035961,-76.98978999,2,2,1,3,3,2,1,1,4,4,52
436,1,2,2025-05-05 20:08:00,1,1,3,1,3,1,25,39.15040469,-77.0661939,1,2,1,1,1,1,1,1,1,1,1
437,1,1,2025-05-05 18:51:00,8,1,4,2,2,1,1,39.03315829,-77.04883459,1,2,2,3,2,2,1,1,5,4,24
438,1,2,2025-05-05 18:15:00,7,3,3,2,2,1,7,39.18953575,-77.22873291,1,5,2,1,1,3,1,1,1,1,241
439,1,1,2025-05-05 17:50:00,9,1,9,2,2,1,1,39.03770107,-77.02615602,2,2,2,3,2,2,1,1,1,1,242
440,1,1,2025-05-05 16:39:00,4,1,4,2,2,1,1,39.00877397,-77.04026049,1,2,2,4,1,1,1,1,1,4,58
441,1,1,2025-05-05 16:18:00,1,2,9,1,2,1,1,39.23729333,-77.07170167,1,2,1,3,2,2,1,1,1,1,243
442,1,2,2025-05-05 15:57:00,3,2,4,1,2,1,1,39.10662217,-76.92001583,1,2,1,1,1,1,1,1,1,4,202
443,4,1,2025-05-05 14:50:00,9,1,6,3,2,1,1,39.12308,-77.2336555,1,1,1,2,4,2,1,1,6,9,135
444,1,1,2025-05-05 14:45:00,8,1,4,1,2,1,1,39.10463143,-77.20093877,1,2,1,4,6,2,5,1,1,1,244
445,1,1,2025-05-05 14:22:00,7,2,5,1,2,1,4,39.044439,-77.14596817,1,2,1,3,6,2,1,1,1,1,245
446,1,2,2025-05-05 12:55:00,4,1,4,3,2,1,1,39.12108074,-76.98905986,1,3,1,4,1,1,1,1,4,4,52
447,1,2,2025-05-05 12:52:00,1,1,3,3,2,1,2,38.99967267,-77.04352517,1,2,2,1,1,3,1,1,1,1,246
448,1,2,2025-05-05 11:39:00,3,1,1,3,2,1,1,39.0998978,-77.00373805,1,2,2,5,1,1,1,1,4,4,52
449,1,1,2025-05-05 11:30:00,7,1,2,2,2,1,1,39.04723554,-77.03802571,1,2,2,3,2,2,1,1,1,1,247
450,1,1,2025-05-05 10:51:00,8,2,1,2,2,1,1,39.04422531,-77.11140176,1,2,2,3,4,2,1,1,4,4,177
451,1,1,2025-05-05 09:35:00,1,1,1,3,2,1,1,38.97997421,-77.1110315,1,1,2,2,2,2,1,1,3,4,137
452,1,1,2025-05-05 08:18:00,1,1,4,2,2,1,1,39.10748794,-76.93839124,1,2,2,3,6,2,1,1,5,4,248
453,1,1,2025-05-05 08:11:00,3,2,5,2,2,2,1,38.98354534,-77.09613999,2,2,2,4,1,1,1,1,1,1,249
454,1,1,2025-05-05 07:50:00,7,2,4,2,2,1,1,39.12892398,-76.92113432,1,2,2,3,2,2,1,1,5,3,94
455,4,1,2025-05-05 07:35:00,8,2,1,2,2,2,1,39.12467129,-77.18099507,2,2,2,3,6,2,1,1,1,4,14
456,1,1,2025-05-05 07:35:00,1,1,3,3,2,1,23,39.21109476,-77.15271494,1,3,1,3,2,2,1,1,1,1,72
457,1,1,2025-05-05 07:22:00,7,2,5,2,2,1,4,39.0288115,-77.00519533,1,2,2,3,2,2,2,1,1,1,250
458,1,2,2025-05-05 07:20:00,15,1,1,3,2,1,1,39.02698013,-77.13241081,1,2,2,4,1,1,1,1,4,1,251
459,1,2,2025-05-05 06:58:00,7,1,4,3,2,1,1,38.99603853,-77.0659546,1,3,1,3,2,2,1,1,14,1,252
460,1,2,2025-05-05 05:50:00,8,3,3,2,7,1,9,39.04179456,-77.05172645,1,2,2,3,2,2,1,1,4,4,58
461,1,2,2025-05-05 05:40:00,7,1,2,2,7,1,1,39.0123648,-77.09087409,1,2,2,4,2,2,1,1,1,1,1
462,3,1,2025-05-04 22:21:00,8,2,4,2,3,1,1,39.0851863,-77.14819562,1,2,2,4,3,2,1,1,12,5,1
463,1,1,2025-05-04 22:03:00,7,2,1,2,3,2,1,38.99903431,-76.99094879,2,5,2,3,4,2,1,1,1,1,1
464,1,1,2025-05-04 19:34:00,8,2,4,2,2,2,1,39.01990224,-77.01346039,2,2,2,4,2,2,1,1,1,4,84
465,1,1,2025-05-04 19:20:00,7,2,5,2,2,2,1,38.99194384,-77.02653355,2,2,2,3,2,2,1,3,1,3,58
466,1,2,2025-05-04 18:30:00,3,1,10,2,2,1,1,39.11755308,-77.18366572,1,2,2,4,2,2,1,1,1,1,42
467,1,1,2025-05-04 17:38:00,1,2,6,2,2,1,1,39.21198634,-77.14258647,1,2,1,4,1,3,1,1,1,4,194
468,1,1,2025-05-04 17:05:00,1,2,4,2,2,4,1,39.17397723,-77.25019972,2,4,2,3,5,2,1,1,1,1,19
469,1,1,2025-05-04 16:00:00,1,2,4,2,2,2,1,39.14871873,-77.14760455,2,2,2,4,1,1,1,1,1,4,146
470,1,1,2025-05-04 13:22:00,4,1,1,1,2,1,1,39.10348076,-77.15585294,1,2,1,4,1,3,1,1,4,4,138
471,3,2,2025-05-04 12:54:00,3,2,9,1,2,1,1,39.11244232,-77.16189867,1,2,1,2,3,2,1,1,4,5,253
472,1,1,2025-05-04 11:40:00,7,1,3,3,2,1,13,39.12681973,-77.07950488,1,5,1,4,1,1,1,1,1,1,222
473,1,2,2025-05-04 11:30:00,7,1,4,1,2,1,1,39.20657677,-77.18457493,1,5,1,3,2,2,2,1,1,1,72
474,1,1,2025-05-04 11:28:00,1,2,4,3,2,2,4,38.99740367,-77.05411417,2,2,1,3,2,2,2,1,2,1,254
475,1,1,2025-05-04 11:24:00,7,1,3,1,2,1,21,39.205215,-77.18656333,1,2,1,3,2,2,3,1,1,1,255
476,3,1,2025-05-04 11:12:00,8,2,3,5,6,1,2,39.07878339,-77.1419386,1,2,2,3,3,2,1,1,1,4,8
477,1,2,2025-05-04 10:28:00,3,2,4,6,2,1,1,39.03117126,-77.00471768,1,2,1,4,7,2,1,1,4,3,94
478,1,2,2025-05-04 09:30:00,12,1,3,1,2,1,2,39.1408615,-77.15207951,1,2,1,4,2,2,1,1,4,1,42
479,1,2,2025-05-04 09:15:00,1,1,3,1,2,1,3,39.20281504,-77.25466665,1,2,1,3,2,2,3,1,1,9,256
480,1,1,2025-05-04 04:06:00,1,1,3,1,3,3,10,39.0252162,-77.12477647,1,2,1,3,2,2,1,1,1,9,257
481,1,2,2025-05-04 03:15:00,9,2,2,2,3,1,4,39.027085,-77.05419117,2,2,1,3,2,2,1,1,1,1,258
482,1,2,2025-05-04 02:15:00,7,1,3,1,1,1,15,39.23764283,-77.35971933,1,5,1,3,2,2,1,1,1,4,259
483,1,1,2025-05-04 00:13:00,8,1,7,1,3,1,1,39.08115953,-76.94621197,1,2,1,4,1,1,1,1,1,1,1
484,1,1,2025-05-03 19:45:00,2,1,1,3,5,1,1,39.1934616,-77.27007067,1,2,2,4,1,1,1,1,4,1,260
485,1,2,2025-05-03 18:52:00,8,2,4,2,2,2,1,39.03838567,-76.99866733,2,2,2,3,6,2,1,1,4,3,187
486,1,1,2025-05-03 18:10:00,3,2,5,2,2,2,1,39.02138319,-76.97691153,2,2,2,3,2,2,1,1,4,4,27
487,4,2,2025-05-03 17:09:00,7,2,7,3,2,1,1,39.11643528,-77.19919409,1,2,2,3,7,2,2,1,1,5,207
488,1,1,2025-05-03 16:45:00,6,1,4,2,2,1,1,39.08308832,-77.07727629,1,2,2,4,3,2,1,1,2,4,58
489,1,1,2025-05-03 15:40:00,7,2,9,2,2,2,1,39.12230578,-76.98861674,2,2,2,3,2,2,1,1,1,4,261
490,1,2,2025-05-03 15:38:00,7,1,7,2,2,1,1,39.18519836,-77.15069038,1,2,2,4,1,3,1,1,4,1,262
491,3,1,2025-05-03 15:21:00,8,2,2,2,2,1,1,39.07874908,-77.14201758,1,2,2,1,1,1,1,1,4,4,8
492,1,1,2025-05-03 14:59:00,3,1,4,2,2,1,1,39.12858806,-77.1679724,1,2,2,3,3,2,1,1,4,1,37
493,1,1,2025-05-03 14:39:00,15,1,1,2,2,1,1,39.10531692,-77.19659947,1,2,2,4,1,1,1,1,4,4,263
494,2,1,2025-05-03 14:30:00,3,2,4,2,2,2,1,38.98323113,-76.98831449,2,2,2,4,1,3,1,1,4,4,27
495,4,2,2025-05-03 12:40:00,8,1,4,2,2,1,1,39.14642493,-77.2045747,1,2,2,2,3,2,1,1,8,4,1
496,1,1,2025-05-03 10:18:00,1,1,3,3,2,1,10,39.178946,-77.10262133,1,2,1,3,2,2,2,1,1,4,1
497,1,1,2025-05-03 09:00:00,1,1,1,2,2,1,1,39.01978241,-77.13438751,1,2,2,2,1,1,1,1,1,1,26
498,4,2,2025-05-03 08:35:00,3,1,1,2,2,1,1,39.15517033,-77.208454,1,2,2,3,3,2,1,1,4,4,264
499,1,1,2025-05-03 08:13:00,1,1,4,2,2,1,1,39.14194396,-77.13865461,1,2,2,3,2,2,1,1,1,7,1
500,1,2,2025-05-03 08:00:00,19,1,2,2,2,1,1,39.15549671,-77.27211798,1,12,2,1,3,2,4,1,1,1,265
501,1,1,2025-05-03 07:35:00,7,2,7,2,2,1,1,39.0857113,-76.95062704,2,2,2,3,1,1,1,1,1,1,266
502,1,2,2025-05-02 19:27:00,3,2,7,2,2,1,1,39.09066567,-77.0462445,1,2,2,3,2,2,1,1,1,1,1
503,1,1,2025-05-02 18:50:00,7,1,6,2,2,1,1,38.98798167,-77.09958617,1,2,2,3,1,1,1,1,1,4,267
504,1,2,2025-05-02 18:31:00,1,1,3,2,2,3,7,39.03381721,-77.07540322,3,2,2,5,1,3,1,1,1,4,13
505,1,2,2025-05-02 18:26:00,7,2,3,2,2,1,9,39.05104758,-77.11639779,1,2,2,1,3,2,1,1,1,9,268
506,1,1,2025-05-02 18:10:00,8,1,4,2,2,1,1,39.0374817,-77.05983048,1,2,2,4,1,1,1,1,4,4,84
507,1,1,2025-05-02 17:30:00,8,2,5,2,2,2,1,39.07308649,-77.00742039,2,2,2,3,2,2,1,1,5,1,43
508,1,2,2025-05-02 17:17:00,7,2,1,2,2,1,1,39.02173799,-77.20761133,1,11,1,3,4,2,1,1,2,4,269
509,2,1,2025-05-02 17:07:00,8,2,5,2,2,1,1,38.97585238,-76.9937357,1,2,2,3,6,2,1,1,4,5,57
510,1,2,2025-05-02 16:42:00,3,1,1,2,2,1,1,39.14744658,-77.16918984,1,2,2,4,1,1,1,1,4,1,270
511,1,1,2025-05-02 16:40:00,3,2,5,2,2,2,1,39.00016292,-77.07679105,2,2,2,3,2,2,1,1,4,4,112
512,1,1,2025-05-02 16:37:00,8,1,1,2,2,2,1,39.0309377,-76.9840263,2,2,1,3,7,2,6,1,4,4,52
513,1,2,2025-05-02 16:10:00,7,2,3,1,2,1,22,38.99232967,-77.228567,1,2,1,3,2,2,2,1,2,1,271
514,1,1,2025-05-02 16:09:00,1,2,9,2,2,1,1,38.9725555,-77.13428433,1,6,1,3,3,2,1,1,1,1,272
515,2,1,2025-05-02 15:57:00,9,2,6,2,2,1,1,38.98148893,-76.98885772,1,4,2,4,1,3,1,1,7,5,36
516,4,1,2025-05-02 15:05:00,8,1,4,2,2,1,1,39.14019467,-77.22171483,1,2,2,4,6,2,1,1,1,4,273
517,1,2,2025-05-02 14:25:00,8,2,4,2,2,1,1,39.05662444,-77.08172225,1,2,2,3,2,2,1,1,4,1,43
518,1,1,2025-05-02 14:25:00,8,1,5,2,2,1,1,38.9851824,-77.09710111,2,2,2,3,2,2,2,1,1,1,1
519,1,1,2025-05-02 12:30:00,3,1,5,2,2,2,1,38.98415727,-77.09413325,2,2,2,3,3,2,1,1,4,9,274
520,3,1,2025-05-02 12:26:00,9,1,5,2,2,1,4,39.07538113,-77.14631582,2,2,2,3,2,2,2,1,1,5,275
521,1,1,2025-05-02 11:10:00,8,1,1,2,2,1,1,39.00015049,-77.10993223,1,2,2,4,1,3,1,1,4,4,128
522,3,2,2025-05-02 10:46:00,1,1,1,2,2,1,1,39.1162226,-77.16980413,1,2,2,2,1,1,1,1,6,10,276
523,5,1,2025-05-02 09:38:00,7,2,5,2,2,1,1,38.98731536,-77.02660329,1,2,2,4,2,2,3,1,4,3,1
524,1,2,2025-05-02 09:20:00,7,1,4,3,2,1,1,39.07646997,-76.97046132,1,5,2,4,1,1,1,1,1,1,277
525,1,1,2025-05-02 08:00:00,8,2,3,2,2,1,13,38.9998479,-77.0276519,1,2,2,4,2,2,1,1,4,1,278
526,1,1,2025-05-02 07:03:00,8,1,1,2,2,1,1,39.04998391,-77.07167111,1,2,2,3,2,2,1,1,4,4,76
527,1,2,2025-05-02 05:35:00,19,2,1,3,3,1,1,39.08766696,-77.0794508,1,2,2,4,7,2,1,1,5,4,58
528,1,2,2025-05-02 04:00:00,7,1,3,2,3,1,15,39.21916849,-77.24294565,1,3,2,3,3,2,3,1,5,1,279
529,1,1,2025-05-01 18:29:00,3,1,5,2,2,1,1,38.9857002,-77.09706199,1,2,2,3,2,2,1,1,1,1,1
530,1,1,2025-05-01 18:20:00,7,1,4,2,2,2,1,38.98985846,-77.01070318,2,2,2,4,2,2,1,1,1,4,196
531,1,2,2025-05-01 18:01:00,8,1,3,2,2,1,9,39.00353059,-76.99634808,1,2,2,3,2,2,1,1,4,4,232
532,1,1,2025-05-01 17:15:00,6,2,5,2,2,2,1,39.10957501,-77.07604472,2,2,2,4,2,2,1,1,5,4,24
533,1,1,2025-05-01 16:20:00,3,1,5,3,2,1,1,39.00690394,-77.09741196,1,3,2,3,2,2,1,5,1,4,177
534,1,1,2025-05-01 16:08:00,8,2,5,2,2,2,1,39.01350476,-77.09907054,2,3,2,3,2,2,1,1,4,4,177
535,1,1,2025-05-01 16:05:00,3,2,4,2,2,2,1,38.99614242,-77.07671301,2,2,2,4,1,3,1,1,4,1,6
536,1,1,2025-05-01 15:50:00,7,1,4,2,2,4,1,39.15935284,-77.19210291,2,5,2,3,3,2,1,1,1,1,280
537,1,1,2025-05-01 15:31:00,8,2,3,2,2,1,6,39.16813267,-77.26701933,1,2,2,3,2,2,1,1,5,4,25
538,1,1,2025-05-01 14:39:00,8,1,4,2,2,1,1,39.088725,-76.94351517,1,2,2,3,3,2,1,1,4,3,94
539,1,1,2025-05-01 14:37:00,3,1,1,2,2,1,1,39.05341343,-77.10936295,1,2,2,3,4,2,1,1,8,1,43
540,1,1,2025-05-01 14:05:00,1,1,5,2,2,1,1,39.3020556,-77.19450369,1,2,2,3,2,2,1,1,1,1,281
541,1,2,2025-05-01 13:59:00,1,1,2,2,2,1,1,39.1610606,-77.25063954,1,2,2,3,2,2,4,1,1,1,282
542,1,1,2025-05-01 13:00:00,8,1,6,2,2,1,1,39.11155808,-76.92913133,1,2,2,4,1,3,1,1,4,4,202
543,1,1,2025-05-01 12:31:00,8,1,4,2,2,1,1,39.10252271,-77.22074741,1,2,2,4,1,1,1,1,1,1,1
544,1,1,2025-05-01 10:43:00,6,1,4,2,2,1,1,38.9998168,-77.07712389,1,2,2,4,1,1,1,1,4,1,283
545,1,1,2025-05-01 10:42:00,7,1,1,2,2,1,1,39.0672145,-77.10180733,1,2,2,3,3,2,1,1,1,9,284
546,1,1,2025-05-01 09:27:00,7,1,5,2,2,1,1,38.99298746,-77.05413481,1,5,2,3,3,2,1,1,4,4,134
547,1,1,2025-05-01 08:35:00,7,3,3,2,2,1,7,38.99594801,-77.10958911,1,2,2,1,1,3,1,1,5,1,285
548,3,1,2025-05-01 07:54:00,7,1,3,2,2,1,7,39.06703834,-77.16172338,1,2,2,4,1,1,1,1,1,7,1
549,1,2,2025-05-01 06:25:00,1,2,5,2,2,3,4,39.059789,-77.0913245,1,2,2,3,2,2,1,1,1,1,286
550,1,1,2025-05-01 01:30:00,8,2,1,2,3,1,1,39.00001294,-76.9907245,1,2,2,4,1,1,1,1,1,10,21
551,1,1,2025-04-30 23:24:00,8,2,3,2,3,2,2,38.98922197,-77.09516749,3,3,2,3,2,2,1,1,4,4,40
552,3,1,2025-04-30 21:30:00,7,1,4,2,3,3,4,39.08963494,-77.13622754,1,2,2,3,2,2,1,1,1,5,28
553,5,2,2025-04-30 20:41:00,13,1,2,2,3,2,1,39.00813002,-77.08005678,1,2,2,4,2,2,1,1,6,6,238
554,1,1,2025-04-30 20:23:00,8,2,5,2,2,1,1,39.08736401,-76.94484957,1,2,2,3,2,2,1,1,5,3,187
555,1,2,2025-04-30 19:30:00,7,3,3,2,2,1,25,39.09875976,-77.21973191,1,2,2,3,1,1,1,1,1,9,287
556,1,2,2025-04-30 19:15:00,3,1,1,2,2,1,1,39.08750267,-77.15026783,1,2,2,4,1,1,1,1,4,4,69
557,1,2,2025-04-30 18:35:00,1,2,3,2,2,1,7,38.99319903,-77.11894625,1,2,2,1,3,2,1,1,4,1,288
558,3,1,2025-04-30 18:20:00,1,1,5,2,2,2,1,39.05317026,-77.15279558,2,2,2,3,5,2,1,1,1,8,289
559,1,2,2025-04-30 17:58:00,3,1,4,2,2,1,1,39.0134341,-77.0418383,1,2,2,4,5,2,1,1,4,4,58
560,1,1,2025-04-30 17:45:00,12,1,5,2,2,1,1,39.04199438,-77.11032951,1,2,2,4,1,1,1,1,4,1,290
561,1,2,2025-04-30 17:39:00,1,1,1,2,2,1,1,39.03057514,-77.06398387,1,3,2,3,2,2,1,1,1,1,291
562,1,2,2025-04-30 17:01:00,7,1,2,2,2,1,1,39.169105,-77.260695,1,2,2,3,2,2,1,1,1,1,65
563,1,2,2025-04-30 16:25:00,8,1,3,3,2,1,9,39.14215337,-77.19338117,1,2,2,4,1,1,1,1,1,5,96
564,1,1,2025-04-30 16:20:00,8,1,4,2,2,1,1,39.10631932,-76.91867579,1,2,2,4,1,3,3,1,2,1,292
565,4,1,2025-04-30 16:00:00,7,2,4,2,2,1,1,39.11775977,-77.20331089,1,2,2,3,7,2,2,1,4,5,207
566,1,1,2025-04-30 15:46:00,8,1,1,2,2,1,1,39.17946781,-77.24030745,1,2,2,2,1,3,3,1,4,1,19
567,1,2,2025-04-30 15:18:00,7,2,1,2,2,1,1,39.12726433,-77.1500405,1,4,2,2,1,1,5,1,1,1,107
568,1,1,2025-04-30 15:00:00,2,2,2,2,2,1,1,38.9903467,-77.02393678,1,2,2,4,2,2,1,1,1,1,293
569,1,2,2025-04-30 14:55:00,1,1,7,2,2,1,1,39.08795383,-76.96372317,1,2,2,3,3,2,1,1,1,1,294
570,1,1,2025-04-30 14:53:00,1,1,3,2,2,1,15,39.12332355,-77.02642794,1,2,2,3,1,1,1,1,4,1,295
571,1,1,2025-04-30 14:06:00,8,1,4,2,2,1,1,39.10182867,-77.1549715,1,2,2,3,2,2,1,1,4,4,138
572,1,1,2025-04-30 14:00:00,1,2,3,2,2,1,10,39.0470848,-77.02965681,1,2,2,3,2,2,1,1,1,1,296
573,1,1,2025-04-30 13:40:00,7,1,3,2,2,2,23,39.16801402,-77.20505374,1,2,2,3,7,2,1,1,5,1,264
574,3,1,2025-04-30 13:10:00,7,1,1,2,2,1,1,39.0584668,-77.12637924,1,2,2,4,1,1,1,1,1,5,151
575,1,1,2025-04-30 12:23:00,13,1,2,2,2,1,1,39.03392667,-77.0724102,1,4,2,4,1,1,1,1,4,4,90
576,1,1,2025-04-30 12:19:00,6,2,5,2,2,2,1,39.17845767,-77.26675324,2,2,2,3,2,2,1,1,4,1,66
577,1,2,2025-04-30 11:52:00,7,4,3,2,2,1,9,38.97946486,-77.09862167,1,2,2,4,7,2,1,1,2,1,297
578,1,2,2025-04-30 10:56:00,1,1,1,2,2,1,1,39.2811192,-77.31493954,1,6,2,3,4,2,1,1,1,4,23
579,1,2,2025-04-30 10:37:00,3,1,1,2,2,1,1,39.1648262,-77.22747418,1,2,2,3,1,1,1,1,4,4,14
580,1,2,2025-04-30 08:23:00,1,1,3,3,2,1,9,38.96877864,-77.10251028,1,2,1,5,1,1,1,1,4,9,298
581,1,1,2025-04-30 08:20:00,6,1,1,3,2,1,1,38.96490982,-77.10389468,1,2,2,3,7,2,1,1,5,4,1
582,1,2,2025-04-30 08:15:00,1,1,3,2,2,1,20,39.12229685,-76.92586127,1,2,2,3,2,2,1,1,5,4,1
583,1,2,2025-04-30 08:15:00,1,1,5,2,2,1,1,39.14462881,-77.14465134,1,2,2,3,2,2,1,1,9,1,107
584,1,1,2025-04-30 07:50:00,6,1,1,2,2,1,1,39.11795494,-77.25240035,1,2,2,4,1,1,1,1,4,4,299
585,3,1,2025-04-30 07:45:00,7,1,4,2,2,2,1,39.08114932,-77.15112218,2,2,2,3,2,2,1,1,2,5,300
586,1,2,2025-04-30 07:44:00,7,1,5,2,2,5,4,39.18341593,-77.26970119,1,2,2,3,2,2,1,1,1,1,301
587,1,1,2025-04-30 02:47:00,3,2,5,1,3,1,1,39.01337781,-77.03699352,1,2,1,3,3,2,1,1,2,2,71
588,1,1,2025-04-29 21:19:00,3,1,1,2,3,1,1,39.14755666,-77.16909948,1,2,2,4,2,2,1,1,4,1,302
589,1,2,2025-04-29 19:40:00,1,2,3,2,2,1,15,39.04645785,-77.01113534,1,2,2,3,2,2,1,1,1,1,303
590,1,2,2025-04-29 19:33:00,7,1,5,2,5,1,1,39.04669392,-77.20672356,1,2,2,3,4,2,1,1,1,1,304
591,1,2,2025-04-29 19:27:00,1,1,1,2,2,1,1,38.97705842,-77.08447442,1,2,2,3,1,1,1,1,5,4,1
592,5,2,2025-04-29 19:15:00,7,2,3,2,2,1,7,39.01179769,-77.06792851,1,2,2,3,2,2,1,1,1,6,238
593,1,1,2025-04-29 18:46:00,7,1,5,2,2,1,1,39.09775508,-77.2012138,1,3,2,3,4,2,3,1,4,1,305
594,1,1,2025-04-29 18:22:00,7,1,4,2,2,1,1,39.14452557,-77.0468201,1,2,2,3,3,2,1,1,1,4,157
595,1,1,2025-04-29 18:02:00,1,2,9,2,2,2,4,39.16957374,-77.20993043,2,2,2,3,2,2,1,1,1,1,237
596,1,2,2025-04-29 17:45:00,7,1,3,2,2,1,6,39.03842198,-77.0522798,1,3,2,3,3,2,3,1,1,1,1
597,1,1,2025-04-29 17:23:00,1,1,1,2,2,1,1,39.14489273,-76.96468952,1,2,2,3,3,2,1,1,1,1,306
598,1,1,2025-04-29 16:43:00,8,1,4,2,2,1,1,39.1258934,-77.18298936,1,2,2,2,1,1,1,1,1,4,14
599,1,1,2025-04-29 16:15:00,8,1,4,2,2,1,1,39.05117477,-76.97948229,1,2,2,3,2,2,1,1,5,3,94
600,1,1,2025-04-29 16:14:00,17,2,3,2,2,2,23,38.99798434,-77.02475713,3,2,2,3,2,2,1,1,1,1,307
601,1,1,2025-04-29 15:57:00,3,1,1,2,2,1,1,39.08370767,-76.95189033,1,2,2,2,7,2,1,1,1,1,266
602,1,1,2025-04-29 15:54:00,8,1,4,2,2,1,1,39.0473822,-76.98583001,2,2,2,4,1,1,1,1,4,3,187
603,1,1,2025-04-29 15:45:00,1,1,4,2,2,1,4,39.299616,-77.1995105,1,2,2,3,2,2,1,1,8,12,1
604,1,1,2025-04-29 15:41:00,1,2,5,2,2,2,4,39.06291759,-77.04002551,1,2,2,3,2,2,1,1,1,1,308
605,1,1,2025-04-29 15:06:00,7,2,1,2,2,1,1,38.96366283,-77.08963617,1,6,2,3,3,2,1,1,1,5,309
606,1,2,2025-04-29 14:45:00,8,1,4,2,2,1,1,39.0461085,-76.987552,1,2,2,4,2,2,1,1,4,3,94
607,1,2,2025-04-29 14:30:00,7,1,1,2,2,1,1,39.18521263,-77.20356926,1,2,2,3,1,1,1,1,1,1,310
608,1,2,2025-04-29 13:55:00,9,1,1,2,2,1,1,39.05281231,-77.1065165,1,4,2,3,7,2,4,1,4,1,311
609,1,1,2025-04-29 13:14:00,1,1,1,2,2,1,1,39.16286767,-77.21062519,1,2,2,3,2,2,1,1,1,5,312
610,1,1,2025-04-29 11:37:00,8,2,4,2,2,1,1,39.05443257,-77.05058288,1,2,2,3,7,2,1,1,6,4,24
611,1,2,2025-04-29 11:32:00,1,2,2,2,2,1,1,39.0637855,-77.06449033,1,2,2,3,3,2,1,1,1,1,313
612,1,1,2025-04-29 11:20:00,8,1,9,2,2,1,1,39.09687833,-77.194535,1,2,2,4,1,3,1,1,4,5,314
613,1,1,2025-04-29 10:55:00,3,2,3,2,2,1,7,39.03279503,-77.07516486,1,2,2,4,1,1,1,1,4,9,315
614,1,1,2025-04-29 10:21:00,1,2,5,2,2,2,1,38.98308866,-77.09229001,2,2,2,3,2,2,3,1,5,10,316
615,1,1,2025-04-29 09:54:00,1,1,4,2,2,1,1,39.05692656,-76.94860376,1,3,2,3,2,2,1,1,4,1,317
616,3,2,2025-04-29 09:52:00,8,2,3,2,2,1,10,39.11721161,-77.16916659,1,2,2,4,1,1,1,1,1,4,14
617,1,1,2025-04-29 08:41:00,6,2,4,2,2,2,1,39.19259906,-77.24291978,2,2,2,4,1,1,1,1,1,4,14
618,1,1,2025-04-29 08:26:00,15,2,1,2,2,1,1,39.01146417,-76.978953,1,2,2,4,2,2,1,1,6,1,318
619,1,1,2025-04-29 07:29:00,8,1,1,2,2,1,1,39.08760332,-77.07970809,1,5,2,2,1,1,1,1,2,1,319
620,1,1,2025-04-29 07:23:00,1,2,5,2,2,1,4,39.09888237,-77.20276389,1,2,2,3,2,2,1,1,4,1,320
621,1,1,2025-04-29 02:00:00,8,2,3,2,3,1,2,39.00296767,-77.005407,1,2,2,4,1,1,1,1,1,1,1
622,1,1,2025-04-29 00:23:00,7,1,3,2,1,1,19,39.10526827,-77.03851326,1,2,2,3,2,2,1,1,1,4,1
623,1,1,2025-04-28 22:08:00,7,2,5,2,3,2,1,39.08014621,-77.07861728,2,3,2,1,2,2,1,1,9,1,1
624,1,1,2025-04-28 21:43:00,6,1,4,2,3,1,1,39.16714167,-77.17272667,1,2,2,3,6,2,1,1,1,1,1
625,1,2,2025-04-28 20:49:00,8,1,5,2,3,1,1,39.159527,-77.206123,1,2,2,3,2,2,1,1,4,1,88
626,3,1,2025-04-28 20:28:00,8,2,5,2,2,1,1,39.0833726,-77.17204326,2,2,2,3,5,2,1,1,1,2,321
627,1,1,2025-04-28 20:14:00,1,1,1,2,3,1,1,39.16341881,-77.28471042,1,2,2,3,2,2,1,1,1,1,322
628,1,2,2025-04-28 20:00:00,7,3,3,2,5,1,7,39.00255353,-77.09729803,1,2,2,4,1,1,1,1,1,4,8
629,1,1,2025-04-28 19:43:00,1,2,3,2,2,1,7,39.01952764,-77.01077837,1,2,2,4,1,1,1,1,1,4,223
630,1,2,2025-04-28 18:44:00,7,1,5,2,2,1,1,39.159586,-77.15982233,1,2,2,3,2,2,1,1,4,4,323
631,1,2,2025-04-28 18:00:00,8,1,4,2,2,1,1,39.02678933,-77.01049117,1,3,2,3,3,2,1,1,4,3,93
632,1,1,2025-04-28 17:40:00,1,1,1,2,2,1,1,39.18162676,-77.2317398,1,2,2,2,1,1,1,1,5,1,324
633,3,1,2025-04-28 17:30:00,1,1,1,2,2,1,1,39.09667246,-77.13788348,1,11,2,3,1,1,1,1,1,5,325
634,1,1,2025-04-28 17:24:00,8,1,5,2,2,1,1,39.03111465,-77.00462579,1,2,2,3,2,2,1,1,4,3,94
635,3,1,2025-04-28 16:58:00,7,1,3,2,2,1,10,39.10091629,-77.18242238,1,3,2,3,2,2,2,1,1,5,182
636,1,1,2025-04-28 14:43:00,7,2,2,2,2,2,1,39.04484483,-77.10905233,2,2,2,4,1,1,1,1,1,9,326
637,1,1,2025-04-28 13:26:00,8,2,3,2,2,1,15,39.01358521,-76.97824068,1,3,2,3,2,2,1,1,4,4,27
638,1,2,2025-04-28 13:18:00,8,1,5,2,2,1,1,39.08064397,-77.07534419,1,2,2,4,1,1,1,1,5,4,24
639,1,2,2025-04-28 12:11:00,8,2,3,2,2,1,9,39.03848093,-77.10844427,1,2,2,3,3,2,1,1,5,4,177
640,1,2,2025-04-28 11:57:00,4,2,1,2,2,1,1,39.10480695,-77.15715786,1,2,2,3,2,2,1,1,4,4,69
641,1,1,2025-04-28 10:04:00,1,1,4,2,2,1,4,39.178525,-77.23063333,1,3,2,3,3,2,2,1,1,1,324
642,1,1,2025-04-28 09:45:00,3,2,5,2,2,2,1,39.01971706,-77.01318021,2,2,2,4,1,1,1,1,4,3,73
643,1,1,2025-04-28 09:00:00,6,1,4,2,2,1,1,39.07567265,-77.00208241,1,2,2,4,1,3,1,1,4,4,52
644,1,1,2025-04-28 08:00:00,8,3,3,2,2,1,7,39.04149693,-77.05177486,1,2,2,4,1,1,1,1,4,4,24
645,1,1,2025-04-28 07:53:00,7,1,10,2,2,1,4,39.07160477,-77.07202072,1,2,2,2,1,1,1,1,1,1,327
646,1,1,2025-04-28 07:45:00,19,1,2,2,2,1,1,39.07721717,-77.00193667,1,2,2,3,2,2,1,1,1,4,52
647,1,1,2025-04-28 06:19:00,8,1,4,2,2,1,1,39.17484427,-77.26102781,1,2,2,4,1,3,1,1,5,4,170
648,1,2,2025-04-28 06:15:00,8,1,4,2,2,1,1,39.18103667,-77.262355,1,2,2,4,1,1,1,1,4,4,60
649,1,1,2025-04-28 05:45:00,7,2,1,2,3,1,1,39.07710592,-77.12378853,1,3,2,4,1,1,1,1,4,4,76
650,3,1,2025-04-28 00:55:00,6,1,4,2,1,2,1,39.10743521,-77.18399353,2,3,2,3,2,2,1,1,4,2,120
651,1,1,2025-04-27 22:41:00,7,1,4,2,3,2,1,39.17536546,-77.257243,2,2,2,3,2,2,1,1,4,1,66
652,1,1,2025-04-27 22:05:00,7,2,3,2,1,6,19,39.19260755,-77.39504326,1,5,2,3,2,2,1,1,1,4,197
653,1,2,2025-04-27 21:17:00,8,2,4,2,3,2,1,39.05633307,-77.11869681,2,2,2,4,2,2,1,1,1,1,328
654,2,1,2025-04-27 20:31:00,1,2,7,2,3,1,1,38.97618289,-76.99682597,1,1,2,3,1,1,1,1,5,4,1
655,1,2,2025-04-27 19:41:00,3,1,4,2,5,1,1,39.03868258,-77.05078897,1,2,2,4,1,1,1,1,4,4,58
656,1,2,2025-04-27 16:26:00,8,2,1,2,2,2,1,39.05259333,-77.05099167,1,2,2,3,1,1,1,1,4,1,329
657,1,1,2025-04-27 16:22:00,9,1,5,2,2,1,1,39.00885617,-77.03935483,1,13,2,3,2,2,1,1,1,1,330
658,1,2,2025-04-27 15:42:00,1,1,6,2,2,1,1,38.991426,-77.1177485,1,4,2,2,1,1,1,1,1,1,331
659,1,1,2025-04-27 15:31:00,3,1,4,2,2,1,1,39.05258783,-77.1161555,1,2,2,4,7,2,1,1,1,4,177
660,1,1,2025-04-27 15:20:00,3,2,4,2,2,2,1,39.01553624,-77.04260403,2,3,2,4,2,2,1,1,4,4,58
661,1,1,2025-04-27 13:58:00,7,1,1,2,2,1,1,38.99017994,-77.0238898,1,2,2,4,2,2,1,1,1,1,293
662,1,1,2025-04-27 12:34:00,1,2,1,2,2,2,1,39.18542533,-77.18869896,2,2,2,3,2,2,1,1,4,1,332
663,1,2,2025-04-27 10:37:00,13,1,1,2,2,1,1,39.05642778,-76.96705583,1,2,2,3,6,2,1,1,1,1,333
664,3,2,2025-04-27 07:29:00,3,1,1,2,2,1,1,39.09653218,-77.1534024,1,2,2,4,2,2,1,1,4,5,334
665,4,1,2025-04-27 04:03:00,7,1,1,2,3,1,1,39.14265181,-77.2208977,1,1,2,4,1,1,1,1,6,4,273
666,2,2,2025-04-27 03:40:00,3,1,3,2,3,1,2,38.97777913,-77.00737631,1,2,2,3,2,2,1,1,1,4,1
667,1,1,2025-04-27 02:41:00,17,1,10,2,3,2,1,39.08619282,-76.94016583,2,2,2,3,2,2,1,1,1,9,335
668,1,1,2025-04-27 01:51:00,8,1,1,2,3,1,1,39.11121526,-76.93206981,1,2,2,2,1,1,1,1,6,8,336
669,1,1,2025-04-26 23:44:00,1,2,3,2,3,1,23,39.08515181,-77.20129395,1,2,2,3,3,2,1,1,1,1,337
670,1,1,2025-04-26 23:31:00,15,1,1,2,3,1,1,39.07529208,-77.00431935,1,2,2,3,2,2,1,1,4,1,178
671,4,2,2025-04-26 23:20:00,8,1,1,2,3,1,1,39.12386802,-77.23161486,1,2,2,4,1,1,1,1,8,4,170
672,1,1,2025-04-26 22:32:00,7,2,3,2,3,2,15,39.00127588,-76.98653766,3,5,2,3,2,2,1,1,1,4,1
673,1,3,2025-04-26 21:59:00,6,2,3,2,3,1,9,39.08082916,-77.07518121,1,2,2,5,1,1,1,1,2,1,338
674,1,2,2025-04-26 21:15:00,8,2,5,2,1,1,1,39.06880133,-77.015061,1,2,2,2,1,1,1,1,4,1,339
675,1,1,2025-04-26 21:02:00,1,2,3,2,3,3,15,39.0532741,-77.18429,1,3,2,1,1,1,1,1,8,4,1
676,1,1,2025-04-26 20:30:00,9,1,2,2,3,1,1,39.1900655,-77.26677503,1,2,2,4,1,1,1,1,1,1,340
677,1,2,2025-04-26 19:02:00,8,1,4,2,2,1,1,39.01795326,-77.10115296,1,2,2,3,2,2,1,1,1,4,177
678,3,2,2025-04-26 18:34:00,13,1,7,2,2,1,1,39.11564284,-77.1661957,1,2,2,4,1,1,1,1,4,1,1
679,4,1,2025-04-26 18:31:00,6,1,4,2,2,1,1,39.11039083,-77.21812367,1,2,2,4,6,2,1,1,1,4,25
680,1,1,2025-04-26 18:30:00,1,1,1,2,2,1,1,39.03195383,-77.04700383,1,4,2,1,1,1,1,1,1,1,341
681,1,2,2025-04-26 18:14:00,1,1,4,2,2,1,4,39.12260811,-77.02585631,1,2,2,3,2,2,1,1,1,1,1
682,1,1,2025-04-26 17:22:00,1,2,7,2,2,1,1,39.04333774,-77.11336414,1,2,2,1,1,1,1,1,1,1,1
683,1,2,2025-04-26 16:19:00,2,1,1,2,2,1,1,39.12963558,-77.16379047,1,2,2,4,5,2,1,1,5,8,342
684,1,1,2025-04-26 15:30:00,7,1,1,2,2,1,1,39.19251078,-77.19331156,1,2,2,1,1,1,1,1,1,1,343
685,1,1,2025-04-26 15:21:00,21,1,4,1,2,1,1,39.05340256,-77.05075937,1,2,1,3,2,2,1,1,4,4,58
686,1,1,2025-04-26 14:49:00,3,1,4,3,2,1,1,39.04676232,-76.98675392,1,2,2,4,6,2,1,1,4,3,187
687,1,1,2025-04-26 14:40:00,1,2,4,2,2,2,1,39.18246414,-77.25360746,2,2,2,4,5,2,1,1,1,8,344
688,1,2,2025-04-26 14:27:00,7,1,1,2,2,1,1,39.11641203,-76.96576597,1,2,2,3,3,2,1,1,1,4,1
689,1,1,2025-04-26 14:01:00,8,1,4,2,2,1,1,39.1285745,-77.07163217,1,2,2,3,2,2,1,1,4,4,24
690,1,1,2025-04-26 13:44:00,1,1,1,2,2,1,1,39.269375,-77.15222917,1,3,2,2,5,2,1,1,1,1,345
691,1,1,2025-04-26 13:26:00,1,1,4,2,2,1,1,39.042316,-77.178178,1,2,1,3,1,1,1,1,1,1,1
692,1,1,2025-04-26 12:17:00,1,1,3,1,2,1,27,39.2198585,-77.17445433,1,5,1,3,2,2,1,1,1,4,323
693,1,2,2025-04-26 11:40:00,7,2,3,3,2,2,6,39.0785414,-77.25684366,1,5,1,3,2,2,1,1,1,1,46
694,1,1,2025-04-26 10:50:00,2,1,2,3,2,1,1,39.13302084,-77.24478256,1,4,1,4,1,1,1,1,13,1,346
695,1,1,2025-04-26 10:01:00,8,1,4,1,2,2,1,39.01615736,-77.04296229,2,2,1,3,2,2,1,1,6,9,116
696,1,1,2025-04-26 09:22:00,2,1,1,3,2,1,1,39.07811888,-77.08063361,1,2,1,2,4,2,1,1,4,13,1
697,1,1,2025-04-26 04:55:00,7,1,3,1,1,2,21,39.03422411,-77.1468465,1,2,1,3,2,2,2,1,1,1,1
698,1,1,2025-04-26 03:54:00,8,1,4,1,3,1,1,38.99031131,-77.1528604,1,2,1,3,2,2,1,1,4,4,100
699,1,1,2025-04-26 02:30:00,7,1,3,5,3,2,19,39.14728503,-77.42927676,3,2,1,3,3,2,1,1,1,1,164
700,1,1,2025-04-26 00:10:00,1,1,2,1,1,1,1,39.16026633,-77.1920585,1,8,1,4,1,1,1,1,1,1,199
701,1,2,2025-04-25 23:54:00,8,1,4,1,3,1,1,39.0109949,-76.97746303,1,2,1,3,2,2,1,1,4,1,347
702,1,1,2025-04-25 23:45:00,8,1,4,1,3,1,1,39.02034458,-76.97664142,1,2,1,4,1,1,1,1,5,4,27
703,1,1,2025-04-25 23:09:00,6,1,4,1,3,1,1,39.10538823,-77.1962259,1,2,1,4,1,1,1,1,4,4,348
704,4,2,2025-04-25 22:58:00,7,2,3,1,3,1,2,39.11782033,-77.20327917,1,2,1,1,1,4,2,1,4,9,221
705,1,1,2025-04-25 19:43:00,3,1,2,1,3,1,1,39.0723272,-76.95615421,1,2,1,3,2,2,1,1,1,3,94
706,1,1,2025-04-25 17:30:00,1,1,2,2,2,1,4,39.17141239,-77.24325509,1,5,2,3,2,2,1,1,1,1,349
707,1,1,2025-04-25 17:05:00,15,1,1,2,2,1,1,39.05334053,-77.10765438,1,2,2,3,4,2,1,1,8,1,43
708,1,1,2025-04-25 16:58:00,3,2,5,2,2,1,1,38.99667002,-77.10911603,1,5,2,4,2,2,1,1,4,4,128
709,1,1,2025-04-25 16:42:00,8,1,5,2,2,1,1,39.02325289,-76.97840134,1,2,2,3,2,2,1,1,4,4,52
710,2,1,2025-04-25 16:11:00,20,2,6,3,2,1,1,38.98162659,-77.00312192,1,2,2,1,2,2,1,1,1,5,350
711,1,1,2025-04-25 15:28:00,7,2,5,3,2,2,1,39.01290018,-77.09063286,2,3,2,3,3,2,1,1,5,1,1
712,1,2,2025-04-25 14:33:00,8,1,6,2,2,1,1,39.15957228,-77.28411931,1,2,2,2,1,1,1,1,8,4,1
713,5,1,2025-04-25 14:30:00,19,1,4,2,2,1,1,39.2158116,-77.2528212,1,5,2,4,2,2,1,1,1,4,1
714,1,2,2025-04-25 13:50:00,7,1,1,2,2,1,1,39.20036237,-77.30564261,1,6,2,3,2,2,4,1,1,4,1
715,1,1,2025-04-25 13:20:00,8,1,1,2,2,1,1,38.99464578,-77.03633574,1,2,2,4,1,1,1,1,4,4,134
716,1,2,2025-04-25 11:17:00,8,2,5,3,2,2,1,38.98358193,-77.09403122,2,3,2,4,2,2,1,1,1,1,249
717,1,1,2025-04-25 11:07:00,19,1,1,2,2,1,1,38.9704982,-77.08914988,1,1,2,2,2,2,1,1,6,4,40
718,1,1,2025-04-25 10:36:00,15,1,1,3,2,1,1,39.19824205,-77.24500278,1,2,2,4,1,1,1,1,4,7,1
719,1,1,2025-04-25 10:27:00,19,1,1,2,2,1,1,38.983462,-77.0951,1,1,2,4,1,1,1,1,1,1,249
720,1,2,2025-04-25 09:45:00,7,2,3,2,2,2,21,39.10924022,-76.92286712,1,2,2,3,1,1,1,1,5,4,351
721,1,2,2025-04-25 08:51:00,1,3,3,2,2,1,7,39.00027589,-77.11222986,1,2,2,1,1,1,1,1,1,1,352
722,1,1,2025-04-25 07:30:00,7,2,4,2,2,2,1,38.9856292,-77.08779193,2,2,2,4,1,1,1,1,1,1,353
723,1,1,2025-04-25 01:39:00,1,1,7,2,3,3,4,39.18562676,-77.20307234,2,2,2,3,2,2,1,1,1,1,354
724,1,1,2025-04-24 22:27:00,8,2,3,2,3,2,2,39.01010837,-77.00012462,1,2,2,3,2,2,1,1,4,4,223
725,1,2,2025-04-24 21:30:00,7,1,7,2,3,6,4,38.99615136,-76.99046502,1,2,2,3,2,2,1,1,1,1,355
726,1,3,2025-04-24 21:01:00,6,2,3,2,3,1,9,39.10085154,-77.19177496,1,2,2,4,1,1,2,1,4,1,37
727,1,1,2025-04-24 19:52:00,6,2,1,2,3,1,1,39.04433669,-77.11143193,1,2,2,3,2,2,1,1,4,4,177
728,1,2,2025-04-24 18:23:00,7,1,3,2,2,1,3,38.99315325,-77.01843283,1,2,2,3,2,2,1,1,1,1,356
729,3,1,2025-04-24 17:11:00,7,1,7,2,2,1,1,39.11382163,-77.18417954,2,2,2,3,2,2,1,1,1,13,1
730,1,1,2025-04-24 17:10:00,3,2,5,2,2,1,1,38.99718992,-77.09671181,1,2,2,4,6,2,1,1,4,4,8
731,1,2,2025-04-24 17:07:00,7,1,4,2,2,1,1,39.00655984,-77.04853606,1,2,2,3,3,2,1,1,1,1,357
732,4,2,2025-04-24 17:02:00,6,1,2,2,2,1,1,39.15663087,-77.22459091,1,2,2,4,1,1,1,1,7,13,1
733,1,1,2025-04-24 17:02:00,7,1,3,2,2,1,6,39.2862265,-77.31387953,1,2,2,3,2,2,1,1,1,4,1
734,1,1,2025-04-24 15:30:00,7,1,4,2,2,1,1,39.15829177,-77.15951142,2,2,2,3,2,2,1,1,1,4,358
735,2,2,2025-04-24 15:10:00,8,1,4,2,2,1,4,38.981173,-76.98907617,1,2,2,4,3,2,1,1,4,4,27
736,1,2,2025-04-24 10:44:00,20,1,1,2,2,1,1,39.03936692,-77.05438598,1,1,2,2,7,2,1,1,1,4,176
737,1,1,2025-04-24 10:30:00,7,2,4,2,2,2,1,39.08688456,-76.95842864,2,2,2,4,2,2,1,1,1,1,294
738,1,1,2025-04-24 10:00:00,1,1,4,2,2,1,1,39.15412433,-77.25372817,1,2,2,3,2,2,1,1,1,4,86
739,1,2,2025-04-24 09:50:00,8,1,10,2,2,1,1,38.97534683,-77.12583517,1,3,2,3,3,2,1,1,4,4,82
740,1,2,2025-04-24 06:15:00,1,1,3,2,7,1,27,39.14722951,-77.42877442,1,5,2,3,2,2,1,1,1,1,164
741,1,2,2025-04-24 04:26:00,7,2,3,2,3,3,22,39.05290762,-77.02465593,1,3,2,3,3,2,1,1,1,1,296
742,1,1,2025-04-24 03:10:00,8,1,1,2,3,1,1,39.18261143,-77.27420998,1,2,2,3,2,2,1,1,4,1,359
743,3,1,2025-04-23 22:46:00,17,1,5,2,1,1,1,39.095011,-77.1731419,1,1,2,3,2,2,1,1,1,5,360
744,1,2,2025-04-23 20:18:00,15,1,1,2,3,1,1,39.04696335,-77.11269145,1,2,2,2,1,1,1,1,4,1,361
745,4,1,2025-04-23 20:03:00,1,2,4,2,3,2,1,39.11443617,-77.20574751,2,2,2,1,1,1,1,1,1,9,362
746,1,1,2025-04-23 19:30:00,6,2,4,2,2,2,1,39.10940206,-77.07631591,2,2,2,3,2,2,1,1,4,4,101
747,1,1,2025-04-23 18:37:00,7,2,4,2,2,2,1,38.99117861,-77.06876997,2,2,2,3,3,2,3,1,1,4,77
748,1,1,2025-04-23 18:30:00,8,1,4,2,2,1,1,39.047474,-76.9856425,1,2,2,4,2,2,1,1,5,3,187
749,1,1,2025-04-23 17:57:00,15,1,6,2,2,1,1,39.17841762,-77.23837938,1,2,2,4,1,1,1,1,4,4,23
750,1,1,2025-04-23 17:29:00,1,1,1,2,2,1,1,39.01034826,-77.04722276,1,2,2,2,1,1,1,1,1,1,363
751,1,1,2025-04-23 17:29:00,1,1,4,2,2,1,1,39.08541,-76.95072817,1,2,2,3,2,2,1,1,5,1,266
752,1,2,2025-04-23 16:57:00,23,1,1,2,2,1,1,39.10646073,-77.15226966,1,2,2,4,1,1,1,1,15,1,124
753,1,1,2025-04-23 16:38:00,3,1,4,2,2,2,1,39.04442648,-76.99248027,2,2,2,3,6,2,3,1,4,8,364
754,3,1,2025-04-23 16:20:00,1,2,4,2,2,1,1,39.09169956,-77.15669652,1,2,2,1,1,1,1,1,1,5,365
755,1,2,2025-04-23 16:12:00,1,1,3,2,2,1,21,39.23569213,-77.18071753,1,2,2,3,2,2,1,1,1,4,1
756,1,1,2025-04-23 15:48:00,24,1,1,2,2,1,1,39.16490017,-77.22756017,1,2,2,3,7,2,1,1,6,4,14
757,1,1,2025-04-23 14:53:00,7,1,5,2,2,1,1,39.04488208,-77.18020095,1,2,2,3,2,2,1,1,1,1,47
758,1,1,2025-04-23 14:45:00,8,1,4,2,2,1,1,39.18409017,-77.2108235,1,2,2,2,2,2,1,1,1,1,1
759,2,1,2025-04-23 13:41:00,7,2,3,2,2,1,3,38.9810445,-77.00296496,1,3,2,3,2,2,2,1,2,4,1
760,5,1,2025-04-23 13:35:00,8,1,4,2,2,1,1,39.10959484,-77.07590927,1,2,2,4,2,2,6,1,4,4,366
761,1,1,2025-04-23 13:23:00,3,1,1,2,2,1,1,39.17685667,-77.27015017,1,4,2,4,1,1,1,1,4,1,65
762,1,1,2025-04-23 12:57:00,1,1,5,2,2,1,1,39.04543369,-77.17231361,1,2,2,3,4,2,1,1,1,1,367
763,4,2,2025-04-23 12:21:00,6,1,4,2,2,1,1,39.12839594,-77.23734682,1,2,2,4,1,1,1,1,5,4,170
764,1,2,2025-04-23 10:00:00,7,1,9,2,2,1,1,39.14996236,-77.06413026,1,6,2,3,2,2,1,1,1,1,368
765,1,1,2025-04-23 09:25:00,7,2,4,2,2,1,1,38.99087583,-77.155123,1,5,2,4,2,2,1,1,4,4,100
766,1,2,2025-04-23 09:01:00,7,3,3,2,2,1,23,39.19760395,-77.2396623,1,2,2,3,1,3,1,1,1,1,369
767,1,2,2025-04-23 08:43:00,8,1,4,2,2,1,1,39.02101468,-77.04477848,1,2,2,3,2,2,1,1,2,4,24
768,1,2,2025-04-23 07:49:00,7,1,3,2,2,1,9,39.07427954,-76.93995673,1,2,2,1,5,2,1,1,1,8,370
769,1,1,2025-04-23 07:36:00,19,1,1,2,2,1,1,39.16347966,-77.2846633,1,4,2,2,1,1,1,1,6,4,86
770,1,2,2025-04-23 07:35:00,7,1,3,2,2,1,9,39.18695983,-77.19826417,1,2,2,5,1,1,1,1,5,1,371
771,1,1,2025-04-23 07:00:00,7,1,6,2,2,1,1,39.04116883,-76.98579748,1,2,2,3,2,2,1,1,1,1,1
772,1,1,2025-04-22 21:17:00,1,2,3,2,3,1,2,39.03144555,-77.23291957,1,2,2,4,2,2,1,1,1,4,1
773,1,1,2025-04-22 20:55:00,1,2,5,2,3,1,1,39.07513671,-77.09049786,1,2,2,3,2,2,1,1,1,1,372
774,3,1,2025-04-22 20:36:00,9,2,1,2,3,1,1,39.07544117,-77.11726113,1,2,2,3,1,1,1,1,1,13,1
775,1,1,2025-04-22 18:30:00,8,1,1,2,2,1,1,39.02507817,-77.14889667,1,6,2,3,2,2,1,1,8,1,152
776,1,2,2025-04-22 17:28:00,1,1,5,2,2,1,1,38.97706787,-77.08450236,2,2,2,3,2,2,1,1,5,5,373
777,1,2,2025-04-22 17:12:00,1,1,1,2,2,1,1,39.26132167,-77.22222167,1,2,2,3,2,2,1,1,1,4,374
778,1,1,2025-04-22 16:47:00,7,1,2,2,2,1,1,39.10319436,-77.00352657,1,2,2,3,3,2,1,1,1,4,27
779,1,2,2025-04-22 16:29:00,3,2,4,2,2,1,1,39.03138127,-77.12591968,1,2,2,1,5,2,3,1,4,8,375
780,1,1,2025-04-22 15:27:00,4,1,1,2,2,1,1,39.00531902,-77.0228607,1,2,2,4,2,2,1,1,1,3,1
781,4,2,2025-04-22 14:53:00,7,2,4,2,2,1,1,39.13653145,-77.20558059,1,2,2,3,2,2,1,1,5,1,376
782,1,2,2025-04-22 14:13:00,8,1,1,2,2,1,1,39.01656017,-77.1196595,1,2,2,4,1,1,1,1,6,4,128
783,1,1,2025-04-22 10:36:00,1,2,9,2,2,1,1,38.9997007,-77.01046693,1,6,2,3,2,2,4,1,1,4,1
784,2,1,2025-04-22 09:45:00,7,2,2,2,2,2,1,38.99055549,-76.98964357,2,2,2,4,1,1,1,1,7,13,1
785,1,1,2025-04-22 09:45:00,2,1,1,2,2,1,1,38.99970816,-76.99442629,1,6,2,3,7,2,1,1,1,4,196
786,1,2,2025-04-22 09:06:00,19,1,1,2,2,1,1,39.04655505,-76.98693989,1,2,2,4,1,1,1,1,4,3,94
787,3,1,2025-04-22 08:54:00,8,1,5,2,2,1,1,39.09020712,-77.1286786,2,2,2,3,3,2,1,1,4,4,366
788,1,2,2025-04-22 08:26:00,7,1,4,2,2,1,4,39.002143,-77.01104367,1,5,2,3,2,2,3,1,1,1,111
789,1,1,2025-04-22 08:02:00,16,2,4,2,2,1,1,39.03988953,-77.04300484,1,2,2,2,2,2,6,1,6,4,90
790,4,1,2025-04-22 07:51:00,8,2,1,2,2,1,1,39.13966,-77.19644417,1,2,2,3,1,1,1,1,4,5,377
791,1,1,2025-04-21 22:49:00,3,1,6,2,3,1,1,39.11157054,-76.93216116,1,2,2,4,1,1,1,1,4,4,351
792,1,1,2025-04-21 21:20:00,25,1,5,2,3,6,1,39.04136781,-77.0416259,2,2,2,3,3,2,1,1,1,1,378
793,1,1,2025-04-21 20:50:00,1,2,5,2,4,2,1,39.08625212,-76.95437199,2,2,2,3,3,2,1,1,5,1,1
794,3,1,2025-04-21 18:13:00,20,2,7,2,2,1,1,39.0744378,-77.13576066,1,2,2,4,6,2,1,1,6,5,1
795,1,1,2025-04-21 14:45:00,3,1,5,2,2,1,1,39.04766591,-76.99277679,1,2,2,4,1,1,1,1,4,1,379
796,4,1,2025-04-21 14:04:00,3,2,4,2,2,1,1,39.1356685,-77.191897,1,2,2,4,6,2,1,1,5,4,30
797,1,2,2025-04-21 13:38:00,3,1,2,2,2,1,1,39.02240017,-77.10313717,1,2,2,4,1,1,1,1,4,1,380
798,4,1,2025-04-21 13:15:00,8,2,4,2,2,1,1,39.15487162,-77.21480085,1,5,2,3,2,2,1,1,4,4,23
799,1,2,2025-04-21 10:54:00,3,1,4,3,2,1,1,39.08386262,-77.07767663,1,2,2,4,1,1,1,1,4,4,112
800,1,2,2025-04-21 10:02:00,7,1,3,3,2,1,13,39.23565976,-77.26101102,1,2,2,3,2,2,2,1,4,1,381
801,2,1,2025-04-21 10:00:00,8,2,3,3,2,1,24,39.06924444,-77.10479224,1,2,2,4,3,2,1,1,1,1,1
802,1,2,2025-04-21 09:20:00,7,1,2,3,2,1,1,39.23095665,-77.26598585,1,3,2,3,4,2,1,1,4,1,382
803,1,1,2025-04-21 08:56:00,8,1,4,2,2,1,1,39.10922692,-77.06757363,1,2,2,3,1,1,1,1,5,11,1
804,1,2,2025-04-21 08:53:00,7,1,3,3,2,1,9,39.16072827,-77.27920512,1,2,2,1,2,2,1,1,4,7,1
805,1,1,2025-04-21 07:10:00,2,1,1,2,2,1,1,39.04957317,-77.07071433,1,4,2,3,1,1,1,1,4,4,76
806,1,2,2025-04-21 05:22:00,8,1,7,2,3,1,1,39.05901378,-77.04773805,1,3,2,4,1,3,1,1,5,1,43
807,5,1,2025-04-21 01:30:00,8,2,3,2,1,1,8,39.21029008,-77.23964363,1,2,2,3,2,2,1,1,4,4,374
808,1,1,2025-04-20 22:55:00,7,1,5,2,3,1,1,38.987839,-77.02352664,1,2,2,4,2,2,1,1,1,4,383
809,1,1,2025-04-20 22:48:00,1,1,3,2,3,1,2,39.14903151,-77.01229673,1,2,2,4,2,2,1,1,1,4,27
810,1,1,2025-04-20 22:16:00,9,1,4,2,3,1,4,39.0527361,-76.9758478,2,5,2,3,2,2,1,1,2,1,266
811,1,2,2025-04-20 21:09:00,7,1,3,2,1,3,7,39.05373798,-77.10063348,3,2,2,3,3,2,1,1,1,1,178
812,3,1,2025-04-20 20:14:00,3,1,4,2,5,1,1,39.11256319,-77.16198442,1,2,2,4,2,2,1,1,4,4,14
813,1,2,2025-04-20 18:53:00,2,1,5,2,2,1,4,39.17071294,-77.21351341,1,2,2,3,2,2,2,1,1,1,384
814,1,2,2025-04-20 16:23:00,7,1,3,3,2,1,15,39.23390078,-77.14255623,1,2,2,3,3,2,1,1,1,4,1
815,1,2,2025-04-20 16:13:00,3,3,3,2,2,1,9,39.14660424,-77.1458093,1,2,2,3,2,2,1,1,1,4,1
816,2,1,2025-04-20 14:47:00,7,2,5,2,2,2,4,38.99072279,-77.00390381,2,5,2,3,2,2,1,1,1,5,385
817,1,2,2025-04-20 13:05:00,11,1,1,2,2,1,1,39.05258764,-76.95314437,1,2,2,2,1,1,1,1,1,1,386
818,3,2,2025-04-20 12:48:00,13,1,1,2,2,1,1,39.05880632,-77.12124914,1,2,2,4,1,1,1,1,4,4,177
819,1,2,2025-04-20 12:32:00,3,2,5,2,2,1,1,39.13362169,-77.15819108,1,2,2,2,1,1,1,1,4,1,387
820,4,2,2025-04-20 06:05:00,6,1,1,2,2,1,1,39.154409,-77.2091285,1,2,2,4,1,1,1,1,4,4,388
821,1,1,2025-04-20 01:30:00,7,2,7,2,1,1,4,39.03499693,-77.21284769,1,2,2,3,2,2,1,1,5,1,389
822,1,1,2025-04-20 00:50:00,8,2,3,2,3,2,2,39.05728967,-77.076688,3,2,2,3,2,2,1,1,4,1,43
823,2,2,2025-04-20 00:02:00,8,2,4,2,3,1,1,38.98341291,-77.0160354,1,2,2,3,6,2,1,1,1,4,383
824,1,2,2025-04-19 20:00:00,2,1,1,2,5,1,1,39.196626,-77.26552891,1,2,2,4,1,1,1,1,1,1,359
825,1,1,2025-04-19 17:55:00,7,1,4,2,2,1,1,39.15960786,-77.18878747,1,2,2,3,1,1,1,1,1,5,390
826,1,1,2025-04-19 16:23:00,8,1,5,2,2,1,1,39.15208717,-77.2116785,1,2,2,2,1,1,1,1,4,12,1
827,1,1,2025-04-19 16:08:00,8,1,5,2,2,1,1,39.03181117,-77.00424967,1,2,2,3,2,2,1,3,4,3,94
828,3,2,2025-04-19 14:47:00,8,1,7,3,2,2,1,39.07429535,-77.11378259,2,2,2,3,1,3,1,1,1,5,391
829,1,1,2025-04-19 14:42:00,8,1,1,2,2,1,1,39.07551683,-76.99393767,1,2,2,4,1,1,3,1,4,1,130
830,1,1,2025-04-19 14:22:00,1,2,3,3,2,1,3,39.01140075,-77.05597465,1,2,2,1,2,2,1,1,1,9,392
831,1,2,2025-04-19 13:25:00,1,2,3,2,2,1,6,39.11009133,-76.94792865,1,2,2,3,2,2,1,1,1,4,248
832,1,2,2025-04-19 12:20:00,1,1,2,2,2,1,1,39.1894105,-77.120722,1,2,2,4,1,1,1,1,1,4,1
833,1,1,2025-04-19 08:24:00,15,1,1,3,2,1,1,39.01534633,-76.97788133,1,2,2,4,1,1,1,1,6,1,393
834,1,1,2025-04-19 06:33:00,7,1,3,2,2,1,2,39.09191667,-77.04500117,1,2,2,3,3,2,1,1,4,4,394
835,1,1,2025-04-19 04:18:00,8,1,3,2,3,1,10,39.10951543,-76.94723033,1,2,2,3,4,2,1,1,1,1,395
836,4,1,2025-04-19 00:10:00,8,1,3,2,3,3,2,39.16043212,-77.22113191,3,2,2,3,2,2,2,1,4,4,23
837,1,1,2025-04-18 22:30:00,19,1,6,2,3,1,1,39.10087283,-77.223189,1,1,2,2,1,1,1,1,7,1,376
838,1,1,2025-04-18 20:59:00,8,1,4,2,3,1,1,39.09656062,-77.20336733,1,2,2,4,3,2,1,1,5,1,1
839,3,2,2025-04-18 20:30:00,8,1,4,2,3,1,1,39.06121717,-77.12345717,1,2,2,3,2,2,1,1,4,4,177
840,1,1,2025-04-18 18:30:00,1,1,4,2,2,1,1,39.01436376,-77.04210987,1,3,2,1,5,2,3,1,1,8,396
841,1,1,2025-04-18 17:15:00,1,1,3,2,2,1,28,39.09476317,-77.02972317,1,5,2,1,2,2,2,1,1,1,397
842,1,1,2025-04-18 16:22:00,2,1,4,2,2,1,1,39.24705805,-77.29826819,1,2,2,3,2,2,1,1,4,2,120
843,4,2,2025-04-18 16:22:00,7,2,7,2,2,1,1,39.12327066,-77.23646287,1,2,2,1,6,2,1,1,1,5,398
844,1,1,2025-04-18 15:33:00,7,1,3,2,2,1,23,39.04982768,-76.9524982,1,2,2,3,3,2,1,1,1,1,399
845,1,1,2025-04-18 14:59:00,1,1,1,2,2,1,1,39.13603224,-76.99484705,1,2,2,4,1,1,1,1,1,1,306
846,1,1,2025-04-18 14:58:00,10,1,7,2,8,6,4,39.04262819,-77.00630721,2,2,2,3,2,2,1,1,1,9,400
847,1,1,2025-04-18 14:24:00,7,1,3,2,2,1,15,39.18906833,-77.2736,1,5,2,3,2,2,2,1,5,1,359
848,3,2,2025-04-18 12:35:00,7,1,4,2,2,1,1,39.06250645,-77.16070435,1,2,2,4,1,3,1,1,1,5,401
849,1,1,2025-04-18 12:15:00,7,1,5,2,2,1,1,39.17978,-77.26802667,1,3,2,3,2,2,1,1,4,1,66
850,1,2,2025-04-18 12:14:00,1,1,4,2,2,1,1,39.12443,-77.29523033,1,5,2,1,2,2,2,1,1,4,60
851,4,2,2025-04-18 11:16:00,3,1,1,2,2,1,1,39.13218427,-77.18888241,1,2,2,4,1,1,1,1,4,5,1
852,1,1,2025-04-18 10:29:00,1,1,9,3,2,1,1,39.0728079,-77.0870483,1,2,2,1,1,1,1,1,1,1,402
853,1,1,2025-04-18 09:27:00,17,1,4,2,2,1,1,39.07515957,-76.93798755,1,2,2,1,2,2,1,1,1,1,403
854,1,1,2025-04-18 03:25:00,8,1,3,2,3,1,23,39.02201702,-76.97724191,1,2,2,3,2,2,1,1,4,4,27
855,1,1,2025-04-17 23:15:00,7,1,5,2,3,1,4,39.1882565,-77.23888417,1,2,2,3,2,2,1,1,1,1,404
856,3,1,2025-04-17 20:46:00,8,2,4,2,3,1,1,39.07373814,-77.11240212,1,2,2,4,6,2,1,1,4,4,176
857,1,2,2025-04-17 19:37:00,1,1,1,2,5,1,1,39.16008363,-77.19207553,1,3,2,4,1,1,1,1,1,1,1
858,1,1,2025-04-17 19:21:00,1,1,4,2,2,1,1,39.04151183,-77.053123,1,2,2,3,2,2,1,1,5,1,18
859,1,2,2025-04-17 18:37:00,15,1,6,2,2,1,1,39.06704167,-77.0748545,1,1,2,2,1,3,1,1,7,13,1
860,1,1,2025-04-17 17:01:00,4,1,1,2,2,1,1,39.14304475,-77.22250733,1,3,2,3,7,2,1,1,4,4,86
861,1,1,2025-04-17 15:53:00,11,1,4,2,2,1,1,39.03324346,-77.02343215,1,2,2,4,2,2,1,1,4,4,90
862,3,1,2025-04-17 15:48:00,1,1,2,2,2,1,1,39.05878843,-77.12209267,1,2,2,3,2,2,1,1,1,5,151
